Current?,Brand,Size,Color,Lobes,Weight (g),Strength (kN),Combined Name,Lower (mm),Upper (mm),Range (mm)
Old,Black Diamond,Camalot C3 000,gray,3,55.00,4.00,Black Diamond Camalot C3 000,7.80,12.90,5.10
Old,Black Diamond,Camalot C3 00,purple,3,57.00,6.00,Black Diamond Camalot C3 00,9.00,13.70,4.70
Old,Black Diamond,Camalot C3 0,green,3,59.00,7.00,Black Diamond Camalot C3 0,10.70,15.80,5.10
Old,Black Diamond,Camalot C3 1,red,3,62.00,10.00,Black Diamond Camalot C3 1,12.00,18.80,6.80
Old,Black Diamond,Camalot C3 2,yellow,3,66.00,10.00,Black Diamond Camalot C3 2,14.20,22.60,8.40
Current,Black Diamond,X4 0.1,red,4,51.00,5.00,Black Diamond X4 0.1,8.40,13.80,5.40
Current,Black Diamond,X4 0.2,yellow,4,54.00,6.00,Black Diamond X4 0.2,9.90,16.50,6.60
Current,Black Diamond,X4 0.3,blue,4,75.00,8.00,Black Diamond X4 0.3,12.40,21.20,8.80
Current,Black Diamond,X4 0.4,gray,4,82.00,10.00,Black Diamond X4 0.4,15.50,26.60,11.10
Current,Black Diamond,X4 0.5,purple,4,91.00,10.00,Black Diamond X4 0.5,19.80,33.70,13.90
Current,Black Diamond,X4 0.75,green,4,112.00,10.00,Black Diamond X4 0.75,24.00,41.20,17.20
Current,Black Diamond,Old Camalot 0.3,blue,4,75.00,8.00,Black Diamond Old Camalot 0.3,13.80,23.40,9.60
Current,Black Diamond,Old Camalot 0.4,gray,4,83.00,10.00,Black Diamond Old Camalot 0.4,15.50,26.70,11.20
Current,Black Diamond,Old Camalot 0.5,purple,4,99.00,12.00,Black Diamond Old Camalot 0.5,19.60,33.50,13.90
Current,Black Diamond,Old Camalot 0.75,green,4,119.00,14.00,Black Diamond Old Camalot 0.75,23.90,41.20,17.30
Current,Black Diamond,Old Camalot 1,red,4,136.00,14.00,Black Diamond Old Camalot 1,30.20,52.10,21.90
Current,Black Diamond,Old Camalot 2,yellow,4,155.00,14.00,Black Diamond Old Camalot 2,37.20,64.90,27.70
Current,Black Diamond,Old Camalot 3,blue,4,201.00,14.00,Black Diamond Old Camalot 3,50.70,87.90,37.20
Current,Black Diamond,Old Camalot 4,gray,4,289.00,14.00,Black Diamond Old Camalot 4,66.00,114.70,48.70
Current,Black Diamond,Old Camalot 5,purple,4,380.00,14.00,Black Diamond Old Camalot 5,85.40,148.50,63.10
Current,Black Diamond,Old Camalot 6,green,4,557.00,14.00,Black Diamond Old Camalot 6,114.10,195.00,80.90
Current,Black Diamond,Camalot 0.3,blue/black,4,67.50,8.00,Black Diamond Camalot 0.3,13.80,23.40,9.60
Current,Black Diamond,Camalot 0.4,gray/black,4,74.70,10.00,Black Diamond Camalot 0.4,15.50,26.70,11.20
Current,Black Diamond,Camalot 0.5,purple/black,4,89.10,12.00,Black Diamond Camalot 0.5,19.60,33.50,13.90
Current,Black Diamond,Camalot 0.75,green/black,4,107.10,14.00,Black Diamond Camalot 0.75,23.90,41.20,17.30
Current,Black Diamond,Camalot 1,red/black,4,122.40,14.00,Black Diamond Camalot 1,30.20,52.10,21.90
Current,Black Diamond,Camalot 2,yellow/black,4,139.50,14.00,Black Diamond Camalot 2,37.20,64.90,27.70
Current,Black Diamond,Camalot 3,blue,4,180.90,14.00,Black Diamond Camalot 3,50.70,87.90,37.20
Current,Black Diamond,Camalot 4,gray,4,260.10,14.00,Black Diamond Camalot 4,66.00,114.70,48.70
Current,Black Diamond,Camalot 5,purple,4,342.00,14.00,Black Diamond Camalot 5,85.40,148.50,63.10
Current,Black Diamond,Camalot 6,green,4,501.30,14.00,Black Diamond Camalot 6,114.10,195.00,80.90
Current,Black Diamond,UL Camalot .4,gray,4,61.00,8.00,Black Diamond UL Camalot .4,15.50,26.70,11.20
Current,Black Diamond,UL Camalot .5,purple,4,74.00,10.00,Black Diamond UL Camalot .5,19.60,33.50,13.90
Current,Black Diamond,UL Camalot .75,green,4,89.00,12.00,Black Diamond UL Camalot .75,23.90,41.20,17.30
Current,Black Diamond,UL Camalot 1,red,4,101.00,12.00,Black Diamond UL Camalot 1,30.20,52.10,21.90
Current,Black Diamond,UL Camalot 2,yellow,4,126.00,12.00,Black Diamond UL Camalot 2,37.20,64.90,27.70
Current,Black Diamond,UL Camalot 3,blue,4,167.00,12.00,Black Diamond UL Camalot 3,50.70,87.90,37.20
Current,Black Diamond,UL Camalot 4,gray,4,225.00,12.00,Black Diamond UL Camalot 4,66.00,114.70,48.70
Old,Black Diamond,SS Micro Cam 0.1,red,4,62.00,7.00,Black Diamond SS Micro Cam 0.1,8.64,13.71,5.07
Old,Black Diamond,SS Micro Cam 0.2,yellow,4,68.00,8.00,Black Diamond SS Micro Cam 0.2,10.41,16.51,6.10
Old,Black Diamond,SS Micro Cam 0.3,blue,4,74.00,10.00,Black Diamond SS Micro Cam 0.3,12.70,21.84,9.14
Old,Black Diamond,SS Micro Cam 0.4,gray,4,96.00,10.00,Black Diamond SS Micro Cam 0.4,15.50,26.67,11.17
Old,Black Diamond,SS Micro Cam 0.5,purple,4,113.00,12.00,Black Diamond SS Micro Cam 0.5,20.32,33.00,12.68
Old,Black Diamond,SS Micro Cam 0.75,green,4,136.00,16.00,Black Diamond SS Micro Cam 0.75,24.38,40.13,15.75
Old,Black Diamond,SS Camalot 1,red,4,162.00,16.00,Black Diamond SS Camalot 1,30.48,50.80,20.32
Old,Black Diamond,SS Camalot 2,yellow,4,190.00,16.00,Black Diamond SS Camalot 2,38.10,63.50,25.40
Old,Black Diamond,SS Camalot 3,blue,4,238.00,16.00,Black Diamond SS Camalot 3,50.80,86.36,35.56
Old,Black Diamond,SS Camalot 3.5,gray,4,312.00,16.00,Black Diamond SS Camalot 3.5,60.96,104.14,43.18
Old,Black Diamond,SS Camalot 4,purple,4,343.00,16.00,Black Diamond SS Camalot 4,73.66,124.46,50.80
Old,Black Diamond,SS Camalot 4.5,red,4,437.00,12.00,Black Diamond SS Camalot 4.5,88.90,147.32,58.42
Old,Black Diamond,SS Camalot 5,green,4,544.00,12.00,Black Diamond SS Camalot 5,106.80,177.80,71.00
Current,Camp,Ball Nut 1,Blue,N/A,31.00,8.00,Camp Ball Nut 1,3.00,6.00,3.00
Current,Camp,Ball Nut 2,Red,N/A,39.00,8.00,Camp Ball Nut 2,4.50,9.00,4.50
Current,Camp,Ball Nut 3,yellow,N/A,47.00,8.00,Camp Ball Nut 3,6.00,12.00,6.00
Current,Camp,Ball Nut 4,green,N/A,57.00,8.00,Camp Ball Nut 4,8.00,14.00,6.00
Current,Camp,Ball Nut 5,purple,N/A,72.00,8.00,Camp Ball Nut 5,10.50,18.00,7.50
Old,CCH,Alien 1/3,black,4,68.00,,CCH Alien 1/3,9.00,12.00,3.00
Old,CCH,Alien 3/8,blue,4,71.00,,CCH Alien 3/8,11.00,14.00,3.00
Old,CCH,Alien 1/2,green,4,74.00,,CCH Alien 1/2,14.00,18.00,4.00
Old,CCH,Alien 3/4,yellow,4,85.00,,CCH Alien 3/4,17.00,23.00,6.00
Old,CCH,Alien 1,red,4,88.00,,CCH Alien 1,21.00,28.00,7.00
Old,CCH,Alien 1.5,orange,4,113.00,,CCH Alien 1.5,28.00,36.00,8.00
Old,CCH,Alien 2,purple,4,125.00,,CCH Alien 2,33.00,43.00,10.00
Old,CCH,Alien 2.5,gray,4,142.00,,CCH Alien 2.5,38.00,51.00,13.00
Old,Climb X,X-Tech 1,red,4,87.00,6.00,Climb X X-Tech 1,10.00,17.00,7.00
Old,Climb X,X-Tech 2,orange,4,90.00,8.00,Climb X X-Tech 2,13.00,19.00,6.00
Old,Climb X,X-Tech 3,yellow,4,94.00,8.00,Climb X X-Tech 3,15.00,23.00,8.00
Old,Climb X,X-Tech 4,blue,4,100.00,8.00,Climb X X-Tech 4,19.00,29.00,10.00
Old,Climb X,X-Tech 5,dark blue,4,111.00,9.00,Climb X X-Tech 5,21.00,35.00,14.00
Old,Climb X,X-Tech 6,red,4,132.00,9.00,Climb X X-Tech 6,26.00,44.00,18.00
Old,Climb X,X-Tech 7,orange,4,147.00,9.00,Climb X X-Tech 7,30.00,54.00,24.00
Old,Climb X,X-Tech 8,yellow,4,163.00,9.00,Climb X X-Tech 8,39.00,66.00,27.00
Old,Climb X,X-Tech 9,blue,4,202.00,10.00,Climb X X-Tech 9,49.00,82.00,33.00
Old,Climb X,X-Tech 10,black,4,247.00,11.00,Climb X X-Tech 10,57.00,100.00,43.00
Current,DMM,Dragon 00,blue,4,75.00,9.00,DMM Dragon 00,13.00,21.00,8.00
Current,DMM,Dragon 0,silver,4,85.00,12.00,DMM Dragon 0,16.00,25.00,9.00
Current,DMM,Dragon 1,purple,4,97.00,14.00,DMM Dragon 1,20.00,33.00,13.00
Current,DMM,Dragon 2,green,4,106.00,14.00,DMM Dragon 2,24.00,41.00,17.00
Current,DMM,Dragon 3,red,4,119.00,14.00,DMM Dragon 3,29.00,50.00,21.00
Current,DMM,Dragon 4,gold,4,148.00,14.00,DMM Dragon 4,38.00,64.00,26.00
Current,DMM,Dragon 5,blue,4,195.00,14.00,DMM Dragon 5,50.00,85.00,35.00
Current,DMM,Dragon 6,silver,4,276.00,14.00,DMM Dragon 6,68.00,114.00,46.00
Current,DMM,Dragon 7,purple,4,362.00,14.00,DMM Dragon 7,88.00,149.00,61.00
Current,DMM,Dragon 8,green,4,515.00,14.00,DMM Dragon 8,116.00,195.00,79.00
Current,DMM,3CU 0,blue,3,74.00,"42,718.00",DMM 3CU 0,13.00,19.00,6.00
Current,DMM,3CU 0.5,red,3,80.00,"42,718.00",DMM 3CU 0.5,17.00,24.00,7.00
Current,DMM,3CU 1,gold,3,84.00,"42,718.00",DMM 3CU 1,19.00,29.00,10.00
Current,DMM,3CU 1.25,purple,3,87.00,"42,718.00",DMM 3CU 1.25,21.00,33.00,12.00
Current,DMM,3CU 1.5,silver,3,88.00,"42,718.00",DMM 3CU 1.5,23.00,35.00,12.00
Current,DMM,3CU 1.75,green,3,90.00,"42,718.00",DMM 3CU 1.75,25.00,41.00,16.00
Current,DMM,4CU 0,blue,4,75.00,"42,718.00",DMM 4CU 0,13.00,19.00,6.00
Current,DMM,4CU 0.5,red,4,80.00,"42,718.00",DMM 4CU 0.5,17.00,24.00,7.00
Current,DMM,4CU 1,gold,4,93.00,"42,718.00",DMM 4CU 1,19.00,29.00,10.00
Current,DMM,4CU 1.25,purple,4,96.00,"42,718.00",DMM 4CU 1.25,21.00,33.00,12.00
Current,DMM,4CU 1.5,silver,4,97.00,"42,718.00",DMM 4CU 1.5,23.00,35.00,12.00
Current,DMM,4CU 1.75,green,4,99.00,"42,718.00",DMM 4CU 1.75,25.00,41.00,16.00
Current,DMM,4CU 2,red,4,110.00,"42,718.00",DMM 4CU 2,29.00,44.00,15.00
Current,DMM,4CU 2.5,gold,4,123.00,"42,718.00",DMM 4CU 2.5,33.00,55.00,22.00
Current,DMM,4CU 3,purple,4,151.00,"42,718.00",DMM 4CU 3,43.00,66.00,23.00
Current,DMM,4CU 3.5,blue,4,185.00,"42,718.00",DMM 4CU 3.5,51.00,82.00,31.00
Current,DMM,4CU 4,silver,4,224.00,"42,718.00",DMM 4CU 4,64.00,100.00,36.00
Current,DMM,Demon 0,blue,4,84.00,14.00,DMM Demon 0,13.00,19.00,6.00
Current,DMM,Demon 0.5,red,4,90.00,14.00,DMM Demon 0.5,17.00,24.00,7.00
Current,DMM,Demon 1,gold,4,97.00,14.00,DMM Demon 1,19.00,29.00,10.00
Current,DMM,Demon 1.5,silver,4,101.00,14.00,DMM Demon 1.5,23.00,35.00,12.00
Current,DMM,Demon 2,red,4,113.00,14.00,DMM Demon 2,29.00,44.00,15.00
Current,DMM,Demon 2.5,gold,4,127.00,14.00,DMM Demon 2.5,33.00,55.00,22.00
Current,DMM,Demon 3,purple,4,154.00,14.00,DMM Demon 3,43.00,66.00,23.00
Current,DMM,Demon 3.5,blue,4,181.00,14.00,DMM Demon 3.5,51.00,82.00,31.00
Current,DMM,Demon 4,silver,4,221.00,14.00,DMM Demon 4,64.00,100.00,36.00
Old,DMM,Old 3CU .5,purple,3,74.00,,DMM Old 3CU .5,14.00,17.00,3.00
Old,DMM,Old 3CU .75,green,3,79.00,,DMM Old 3CU .75,18.00,21.00,3.00
Old,DMM,Old 3CU 1,blue,3,88.00,,DMM Old 3CU 1,20.00,24.00,4.00
Old,DMM,Old 3CU 1.25,gray,3,88.00,,DMM Old 3CU 1.25,22.00,28.00,6.00
Old,DMM,Old 3CU 1.5,yellow,3,88.00,,DMM Old 3CU 1.5,24.00,30.00,6.00
Old,DMM,Old 3CU 1.75,red,3,94.00,,DMM Old 3CU 1.75,25.00,36.00,11.00
Old,DMM,Old 4CU .5,purple,4,77.00,,DMM Old 4CU .5,14.00,17.00,3.00
Old,DMM,Old 4CU .75,green,4,82.00,,DMM Old 4CU .75,18.00,21.00,3.00
Old,DMM,Old 4CU 1,blue,4,94.00,,DMM Old 4CU 1,20.00,24.00,4.00
Old,DMM,Old 4CU 1.25,gray,4,96.00,,DMM Old 4CU 1.25,22.00,28.00,6.00
Old,DMM,Old 4CU 1.5,yellow,4,99.00,,DMM Old 4CU 1.5,24.00,30.00,6.00
Old,DMM,Old 4CU 1.75,red,4,102.00,,DMM Old 4CU 1.75,25.00,36.00,11.00
Old,DMM,Old 4CU 2,purple,4,111.00,,DMM Old 4CU 2,30.00,38.00,8.00
Old,DMM,Old 4CU 2.5,green,4,125.00,,DMM Old 4CU 2.5,36.00,46.00,10.00
Old,DMM,Old 4CU 3,blue,4,139.00,,DMM Old 4CU 3,46.00,56.00,10.00
Old,DMM,Old 4CU 3.5,gray,4,159.00,,DMM Old 4CU 3.5,53.00,69.00,16.00
Old,DMM,Old 4CU 4,yellow,4,190.00,,DMM Old 4CU 4,69.00,86.00,17.00
Current,Fixe Hardware,Alien 1/3,black,4,64.00,9.00,Fixe Hardware Alien 1/3,8.00,14.00,6.00
Current,Fixe Hardware,Alien 3/8,blue,4,68.00,11.00,Fixe Hardware Alien 3/8,10.00,17.00,7.00
Current,Fixe Hardware,Alien 1/2,green,4,70.00,11.00,Fixe Hardware Alien 1/2,13.00,22.00,9.00
Current,Fixe Hardware,Alien 3/4,yellow,4,80.00,11.00,Fixe Hardware Alien 3/4,15.00,25.00,10.00
Current,Fixe Hardware,Alien 7/8,grey,4,82.00,12.00,Fixe Hardware Alien 7/8,17.00,30.00,13.00
Current,Fixe Hardware,Alien 1,red,4,84.00,12.00,Fixe Hardware Alien 1,20.00,33.00,13.00
Old,Fixe Hardware,Alien 1.25,Gold,4,109.00,13.00,Fixe Hardware Alien 1.25,25.00,38.00,13.00
Old,Fixe Hardware,Alien 1.5,Orange,4,120.00,16.00,Fixe Hardware Alien 1.5,26.00,40.00,14.00
Old,Fixe Hardware,Alien 2,Purple,4,124.00,16.00,Fixe Hardware Alien 2,30.00,50.00,20.00
Old,Fixe Hardware,Alien 2.5,Clear,4,136.00,16.00,Fixe Hardware Alien 2.5,35.00,58.00,23.00
Current,Fixe Hardware,Alien Revolution 1/3,black,4,46.00,5.00,Fixe Hardware Alien Revolution 1/3,8.00,14.00,6.00
Current,Fixe Hardware,Alien Revolution 3/8,blue,4,48.00,6.00,Fixe Hardware Alien Revolution 3/8,10.00,17.00,7.00
Current,Fixe Hardware,Alien Revolution 1/2,green,4,52.00,7.00,Fixe Hardware Alien Revolution 1/2,13.00,22.00,9.00
Current,Fixe Hardware,Alien Revolution 3/4,yellow,4,58.00,10.00,Fixe Hardware Alien Revolution 3/4,15.00,25.00,10.00
Current,Fixe Hardware,Alien Revolution 7/8,grey,4,59.00,10.00,Fixe Hardware Alien Revolution 7/8,17.00,30.00,13.00
Current,Fixe Hardware,Alien Revolution 1,red,4,61.00,10.00,Fixe Hardware Alien Revolution 1,20.00,33.00,13.00
Current,Kouba,Flex .25,black,4,60.00,7.00,Kouba Flex .25,12.00,16.50,4.50
Current,Kouba,Flex .5,blue,4,65.00,9.00,Kouba Flex .5,14.00,20.00,6.00
Current,Kouba,Flex .72,red,4,68.00,10.00,Kouba Flex .72,17.00,24.50,7.50
Current,Kouba,Flex 1,gray,4,95.00,12.00,Kouba Flex 1,20.00,29.00,9.00
Current,Kouba,Flex 2,yellow,4,104.00,12.00,Kouba Flex 2,27.00,41.00,14.00
Current,Kouba,Flex 3,blue,4,139.00,14.00,Kouba Flex 3,35.00,53.00,18.00
Current,Kouba,Flex 4,orange,4,164.00,14.00,Kouba Flex 4,48.00,67.00,19.00
Current,Kouba,Flex 5,black,4,205.00,14.00,Kouba Flex 5,61.00,91.00,30.00
Current,Kouba,Manta .25,yellow,4,57.00,6.00,Kouba Manta .25,12.00,16.50,4.50
Current,Kouba,Manta .5,blue,4,63.00,8.00,Kouba Manta .5,14.00,20.00,6.00
Current,Kouba,Manta .75,green,4,66.00,10.00,Kouba Manta .75,17.00,24.50,7.50
Current,Kouba,Manta 1,gray,4,99.00,14.00,Kouba Manta 1,20.00,30.00,10.00
Current,Kouba,Manta 2,yellow,4,108.00,14.00,Kouba Manta 2,25.00,40.00,15.00
Current,Kouba,Manta 3,blue,4,152.00,14.00,Kouba Manta 3,35.00,53.00,18.00
Current,Kouba,Manta 4,orange,4,172.00,14.00,Kouba Manta 4,44.00,68.00,24.00
Current,Kouba,Manta 5,red,4,212.00,12.00,Kouba Manta 5,58.00,90.00,32.00
Current,Kouba,Manta 6,black,4,255.00,12.00,Kouba Manta 6,73.00,115.00,42.00
Current,Kouba,Manta 7,green,4,312.00,12.00,Kouba Manta 7,90.00,145.00,55.00
Current,Kouba,Permon .25,blue,4,75.00,5.00,Kouba Permon .25,14.00,22.00,8.00
Current,Kouba,Permon .5,green,4,78.00,6.00,Kouba Permon .5,16.00,27.00,11.00
Current,Kouba,Permon 1,gray,4,103.00,7.00,Kouba Permon 1,18.00,31.00,13.00
Current,Kouba,Permon 2,yellow,4,110.00,10.00,Kouba Permon 2,22.00,38.00,16.00
Current,Kouba,Permon 3,blue,4,130.00,10.00,Kouba Permon 3,27.00,47.00,20.00
Current,Kouba,Permon 4,orange,4,159.00,10.00,Kouba Permon 4,35.00,60.00,25.00
Current,Kouba,Permon 5,purple,4,214.00,14.00,Kouba Permon 5,46.00,80.00,34.00
Current,Kouba,Permon 6,black,4,258.00,14.00,Kouba Permon 6,64.00,108.00,44.00
Current,Metolius,Ultralight TCU 000,Green,3,26.00,3.00,Metolius Ultralight TCU 000,6.60,10.20,3.60
Current,Metolius,Ultralight TCU 00,gray,3,41.00,5.00,Metolius Ultralight TCU 00,8.50,12.00,3.50
Current,Metolius,Ultralight TCU 0,purple,3,43.00,5.00,Metolius Ultralight TCU 0,10.00,15.00,5.00
Current,Metolius,Ultralight TCU 1,blue,3,50.00,8.00,Metolius Ultralight TCU 1,12.50,18.00,5.50
Current,Metolius,Ultralight TCU 2,yellow,3,57.00,10.00,Metolius Ultralight TCU 2,15.50,22.50,7.00
Current,Metolius,Ultralight TCU 3,orange,3,59.00,10.00,Metolius Ultralight TCU 3,18.50,26.50,8.00
Current,Metolius,Ultralight TCU 4,red,3,68.00,10.00,Metolius Ultralight TCU 4,23.50,33.50,10.00
Old,Metolius,TCU 00,gray,3,60.00,4.40,Metolius TCU 00,9.00,12.00,3.00
Old,Metolius,TCU 0,purple,3,62.00,4.40,Metolius TCU 0,11.00,13.00,2.00
Old,Metolius,TCU 1,blue,3,65.00,8.80,Metolius TCU 1,13.00,17.00,4.00
Old,Metolius,TCU 2,yellow,3,71.00,8.80,Metolius TCU 2,16.00,20.00,4.00
Old,Metolius,TCU 3,orange,3,82.00,13.30,Metolius TCU 3,20.00,24.00,4.00
Old,Metolius,TCU 4,red,3,91.00,13.30,Metolius TCU 4,24.00,30.00,6.00
Old,Metolius,Power 00,gray,4,60.00,4.40,Metolius Power 00,9.00,14.00,5.00
Old,Metolius,Power 0,purple,4,62.00,4.40,Metolius Power 0,10.00,16.50,6.50
Old,Metolius,Power 1,blue,4,71.00,8.80,Metolius Power 1,11.50,19.50,8.00
Old,Metolius,Power 2,yellow,4,74.00,8.80,Metolius Power 2,15.00,25.00,10.00
Old,Metolius,Power 3,orange,4,85.00,13.30,Metolius Power 3,18.00,28.00,10.00
Old,Metolius,Power 4,red,4,94.00,13.30,Metolius Power 4,23.00,35.50,12.50
Old,Metolius,Power 5,black,4,99.00,13.30,Metolius Power 5,27.50,42.50,15.00
Old,Metolius,Power 6,Green,4,111.00,13.30,Metolius Power 6,33.00,52.00,19.00
Old,Metolius,Power 7,blue,4,142.00,13.30,Metolius Power 7,40.50,64.00,23.50
Old,Metolius,Power 8,purple,4,164.00,13.30,Metolius Power 8,49.00,78.00,29.00
Old,Metolius,Power 9,red,4,213.00,13.30,Metolius Power 9,59.50,94.50,35.00
Old,Metolius,Power 10,blue,4,269.00,13.30,Metolius Power 10,73.50,115.50,42.00
Current,Metolius,Ultralight Power 00,gray,4,45.00,5.00,Metolius Ultralight Power 00,8.50,12.00,3.50
Current,Metolius,Ultralight Power 0,purple,4,48.00,5.00,Metolius Ultralight Power 0,10.00,15.00,5.00
Current,Metolius,Ultralight Power 1,blue,4,54.00,8.00,Metolius Ultralight Power 1,12.50,18.00,5.50
Current,Metolius,Ultralight Power 2,yellow,4,64.00,10.00,Metolius Ultralight Power 2,15.50,22.50,7.00
Current,Metolius,Ultralight Power 3,orange,4,68.00,10.00,Metolius Ultralight Power 3,18.50,26.50,8.00
Current,Metolius,Ultralight Power 4,red,4,77.00,10.00,Metolius Ultralight Power 4,23.50,33.50,10.00
Current,Metolius,Ultralight Power 5,black,4,86.00,10.00,Metolius Ultralight Power 5,28.00,39.50,11.50
Current,Metolius,Ultralight Power 6,green,4,98.00,10.00,Metolius Ultralight Power 6,32.50,48.00,15.50
Current,Metolius,Ultralight Power 7,light blue,4,127.00,10.00,Metolius Ultralight Power 7,40.00,57.50,17.50
Current,Metolius,Ultralight Power 8,light purple,4,150.00,10.00,Metolius Ultralight Power 8,48.50,71.50,23.00
Old,Metolius,Fat 2,yellow,4,88.00,8.80,Metolius Fat 2,15.00,25.00,10.00
Old,Metolius,Fat 3,orange,4,91.00,13.30,Metolius Fat 3,18.00,28.00,10.00
Old,Metolius,Fat 4,red,4,99.00,13.30,Metolius Fat 4,23.00,35.50,12.50
Old,Metolius,Fat 5,black,4,113.00,13.30,Metolius Fat 5,27.50,42.50,15.00
Old,Metolius,Fat 6,green,4,130.00,13.30,Metolius Fat 6,33.00,52.00,19.00
Old,Metolius,Fat 7,light blue,4,147.00,13.30,Metolius Fat 7,40.50,64.00,23.50
Old,Metolius,Fat 8,light purple,4,170.00,13.30,Metolius Fat 8,49.50,78.00,28.50
Old,Metolius,Fat 9,maroon,4,227.00,13.30,Metolius Fat 9,59.50,94.50,35.00
Current,Metolius,Ultralight Fat 2,yellow,4,72.00,10.00,Metolius Ultralight Fat 2,15.5,22.50,7.00
Current,Metolius,Ultralight Fat 3,orange,4,75.00,10.00,Metolius Ultralight Fat 3,18.50,26.50,8.00
Current,Metolius,Ultralight Fat 4,Red,4,84.00,10.00,Metolius Ultralight Fat 4,23.50,33.50,10.00
Current,Metolius,Ultralight Fat 5,Black,4,98.00,10.00,Metolius Ultralight Fat 5,28.00,39.50,11.50
Current,Metolius,Ultralight Fat 6,green,4,111.00,10.00,Metolius Ultralight Fat 6,32.50,48.00,15.50
Current,Metolius,Ultralight Fat 7,blue,4,136.00,10.00,Metolius Ultralight Fat 7,40.50,57.50,17.00
Current,Metolius,Ultralight Fat 8,purple,4,154.00,10.00,Metolius Ultralight Fat 8,48.50,71.50,23.00
Old,Metolius,Master 00,gray,4,62.00,5.00,Metolius Master 00,8.50,12.00,3.50
Old,Metolius,Master 0,purple,4,65.00,5.00,Metolius Master 0,10.00,15.00,5.00
Old,Metolius,Master 1,blue,4,68.00,8.00,Metolius Master 1,12.50,18.00,5.50
Old,Metolius,Master 2,yellow,4,70.00,10.00,Metolius Master 2,15.50,22.50,7.00
Old,Metolius,Master 3,orange,4,82.00,10.00,Metolius Master 3,18.50,26.50,8.00
Old,Metolius,Master 4,red,4,90.00,10.00,Metolius Master 4,23.30,33.50,10.20
Old,Metolius,Master 5,black,4,98.00,10.00,Metolius Master 5,28.00,39.50,11.50
Old,Metolius,Master 6,green,4,110.00,10.00,Metolius Master 6,32.50,48.00,15.50
Current,Metolius,UL Master 00,gray,4,45.00,5.00,Metolius UL Master 00,8.50,12.00,3.50
Current,Metolius,UL Master 0,purple,4,45.00,5.00,Metolius UL Master 0,10.00,15.00,5.00
Current,Metolius,UL Master 1,blue,4,52.00,8.00,Metolius UL Master 1,12.50,18.00,5.50
Current,Metolius,UL Master 2,yellow,4,55.00,10.00,Metolius UL Master 2,15.50,22.50,7.00
Current,Metolius,UL Master 3,orange,4,65.00,10.00,Metolius UL Master 3,18.50,26.50,8.00
Current,Metolius,UL Master 4,red,4,75.00,10.00,Metolius UL Master 4,23.50,33.50,10.00
Current,Metolius,UL Master 5,black,4,85.00,10.00,Metolius UL Master 5,28.00,39.50,11.50
Current,Metolius,UL Master 6,green,4,96.00,10.00,Metolius UL Master 6,32.50,48.00,15.50
Current,Metolius,UL Master 7,blue,4,112.00,10.00,Metolius UL Master 7,40.00,57.50,17.50
Current,Metolius,UL Master 8,purple,4,129.00,10.00,Metolius UL Master 8,48.50,71.50,23.00
Current,Metolius,Supercam small,gray,4,184.00,12.00,Metolius Supercam small,42.00,63.40,21.40
Current,Metolius,Supercam medium,maroon,4,255.00,12.00,Metolius Supercam medium,52.50,91.50,39.00
Current,Metolius,Supercam large,dark blue,4,312.00,12.00,Metolius Supercam large,66.50,118.50,52.00
Current,Omega Pacific,Link 0.5,purple,4,95.00,8.00,Omega Pacific Link 0.5,13.50,35.00,21.50
Current,Omega Pacific,Link 0.75,green,4,113.00,10.00,Omega Pacific Link 0.75,17.80,44.50,26.70
Current,Omega Pacific,Link 1,red,4,176.00,14.00,Omega Pacific Link 1,21.10,53.30,32.20
Current,Omega Pacific,Link 2,yellow,4,207.00,14.00,Omega Pacific Link 2,25.40,64.00,38.60
Current,Rock Empire,Axel .25,Blue,4,98.00,6.00,Rock Empire Axel .25,14.00,22.00,8.00
Current,Rock Empire,Axel .5,Green,4,100.00,7.00,Rock Empire Axel .5,16.00,27.00,11.00
Current,Rock Empire,Axel 1,gray,4,110.00,8.00,Rock Empire Axel 1,18.00,31.00,13.00
Current,Rock Empire,Axel 2,purple,4,116.00,8.00,Rock Empire Axel 2,22.00,38.00,16.00
Current,Rock Empire,Axel 3,black,4,134.00,9.00,Rock Empire Axel 3,27.00,47.00,20.00
Current,Rock Empire,Axel 4,red,4,164.00,9.00,Rock Empire Axel 4,35.00,60.00,25.00
Current,Rock Empire,Axel 5,yellow,4,212.00,14.00,Rock Empire Axel 5,46.00,80.00,34.00
Current,Rock Empire,Axel 6,blue,4,254.00,14.00,Rock Empire Axel 6,64.00,108.00,44.00
Current,Rock Empire,Comet .25,Green,4,68.00,7.00,Rock Empire Comet .25,12.00,16.50,4.50
Current,Rock Empire,Comet .5,blue,4,72.00,9.00,Rock Empire Comet .5,14.00,20.00,6.00
Current,Rock Empire,Comet .75,brown,4,76.00,10.00,Rock Empire Comet .75,17.00,24.00,7.00
Current,Rock Empire,Comet 1,silver,4,82.00,11.00,Rock Empire Comet 1,18.50,30.50,12.00
Current,Rock Empire,Comet 2,yellow,4,96.00,11.00,Rock Empire Comet 2,21.00,35.00,14.00
Current,Rock Empire,Comet 3,blue,4,102.00,12.00,Rock Empire Comet 3,26.00,44.50,18.50
Current,Rock Empire,Comet 4,red,4,138.00,12.00,Rock Empire Comet 4,33.00,55.00,22.00
Current,Rock Empire,Comet 5,black,4,162.00,12.00,Rock Empire Comet 5,43.00,70.00,27.00
Current,Rock Empire,Comet 6,light yellow,4,214.00,12.00,Rock Empire Comet 6,55.00,89.00,34.00
Current,Rock Empire,Comet 7,green,4,258.00,12.00,Rock Empire Comet 7,72.00,113.00,41.00
Current,Rock Empire,Comet 8,blue,4,316.00,12.00,Rock Empire Comet 8,90.00,140.00,50.00
Current,Rock Empire,Flexor .25,green,4,78.00,7.00,Rock Empire Flexor .25,12.00,16.00,4.00
Current,Rock Empire,Flexor .5,blue,4,84.00,9.00,Rock Empire Flexor .5,14.00,20.00,6.00
Current,Rock Empire,Flexor .75,red,4,86.00,10.00,Rock Empire Flexor .75,16.00,23.00,7.00
Current,Rock Empire,Flexor 1,gray,4,100.00,11.00,Rock Empire Flexor 1,19.00,28.00,9.00
Current,Rock Empire,Flexor 2,yellow,4,108.00,11.00,Rock Empire Flexor 2,22.00,34.00,12.00
Current,Rock Empire,Flexor 3,blue,4,118.00,11.00,Rock Empire Flexor 3,27.00,44.00,17.00
Current,Rock Empire,Flexor 4,orange,4,154.00,12.00,Rock Empire Flexor 4,33.00,53.00,20.00
Current,Rock Empire,Flexor 5,black,4,176.00,12.00,Rock Empire Flexor 5,43.00,68.00,25.00
Current,Rock Empire,Flexor 6,light yellow,4,224.00,12.00,Rock Empire Flexor 6,55.00,88.00,33.00
Current,Rock Empire,Flexor 7,green,4,280.00,12.00,Rock Empire Flexor 7,70.00,110.00,40.00
Current,Totem,Basic 0.50,blue,4,56.00,5.00,Totem Basic 0.50,11.20,17.40,6.20
Current,Totem,Basic 0.6HY,blue,4,57.00,5.00,Totem Basic 0.6HY,13.60,17.40,3.80
Current,Totem,Basic 0.65,green,4,60.00,7.00,Totem Basic 0.65,13.60,21.40,7.80
Current,Totem,Basic 0.70HY,green,4,62.00,7.00,Totem Basic 0.70HY,16.60,21.40,4.80
Current,Totem,Basic 0.75,yellow,4,68.00,9.00,Totem Basic 0.75,16.60,26.10,9.50
Current,Totem,Basic 0.85HY,yellow,4,69.00,9.00,Totem Basic 0.85HY,19.90,26.10,6.20
Current,Totem,Basic 0.95,red,4,72.00,11.00,Totem Basic 0.95,19.90,31.60,11.70
Current,Totem,Totem 0.50,,4,69.00,6.00,Totem Totem 0.50,12.00,19.00,7.00
Current,Totem,Totem 0.65,blue,4,75.00,8.00,Totem Totem 0.65,13.80,22.50,8.70
Current,Totem,Totem 0.80,yellow,4,83.00,9.00,Totem Totem 0.80,17.00,27.70,10.70
Current,Totem,Totem 1.00,purple,4,95.00,10.00,Totem Totem 1.00,20.90,34.20,13.30
Current,Totem,Totem 1.25,green,4,109.00,13.00,Totem Totem 1.25,25.70,42.30,16.60
Current,Totem,Totem 1.50,red,4,132.50,13.00,Totem Totem 1.50,31.60,52.20,20.60
Current,Totem,Totem 1.80,,4,144.00,13.00,Totem Totem 1.80,40.00,64.00,24.00
Current,Trango,FlexCam 1,orange,4,56.00,8.00,Trango FlexCam 1,12.00,18.00,6.00
Current,Trango,FlexCam 2,blue,4,65.00,9.00,Trango FlexCam 2,16.00,22.00,6.00
Current,Trango,FlexCam 3,purple,4,72.00,9.00,Trango FlexCam 3,20.00,28.00,8.00
Current,Trango,FlexCam 4,yellow,4,80.00,9.00,Trango FlexCam 4,24.00,35.00,11.00
Current,Trango,FlexCam 5,red,4,121.00,12.00,Trango FlexCam 5,27.00,44.00,17.00
Current,Trango,FlexCam 6,orange,4,127.00,12.00,Trango FlexCam 6,33.00,55.00,22.00
Current,Trango,FlexCam 7,blue,4,141.00,12.00,Trango FlexCam 7,42.00,69.00,27.00
Current,Trango,FlexCam 8,green,4,179.00,12.00,Trango FlexCam 8,52.00,86.00,34.00
Current,Trango,FlexCam 9,purple,4,232.00,12.00,Trango FlexCam 9,63.00,108.00,45.00
Old,Trango,4Cam 2,red,4,82.00,13.00,Trango 4Cam 2,17.00,23.00,6.00
Old,Trango,4Cam 3,yellow,4,88.00,14.00,Trango 4Cam 3,19.00,28.00,9.00
Old,Trango,4Cam 4,green,4,91.00,14.00,Trango 4Cam 4,22.00,34.00,12.00
Old,Trango,4Cam 5,purple,4,122.00,15.00,Trango 4Cam 5,28.00,42.00,14.00
Old,Trango,4Cam 6,blue,4,138.00,15.00,Trango 4Cam 6,34.00,57.00,23.00
Old,Trango,4Cam 7,red,4,167.00,15.00,Trango 4Cam 7,44.00,70.00,26.00
Old,Trango,4Cam 8,yellow,4,194.00,15.00,Trango 4Cam 8,52.00,88.00,36.00
Old,Trango,4Cam 9,green,4,276.00,15.00,Trango 4Cam 9,75.00,102.00,27.00
Old,Trango,4Cam 10,purple,4,358.00,15.00,Trango 4Cam 10,97.00,137.00,40.00
Old,Trango,US-TCU Flex 1,blue,3,77.00,9.00,Trango US-TCU Flex 1,15.00,20.00,5.00
Old,Trango,US-TCU Flex 2,red,3,79.00,13.00,Trango US-TCU Flex 2,17.00,23.00,6.00
Old,Trango,US-TCU Flex 3,yellow,3,85.00,14.00,Trango US-TCU Flex 3,19.00,28.00,9.00
Old,Trango,US-TCU Flex 4,green,3,91.00,14.00,Trango US-TCU Flex 4,22.00,34.00,12.00
Old,Trango,Splitter Cam .5,Red,4,51.00,8.00,Trango Splitter Cam .5,10.00,14.00,4.00
Old,Trango,Splitter Cam 1,yellow,4,58.00,8.00,Trango Splitter Cam 1,12.00,18.00,6.00
Old,Trango,Splitter Cam 2,Blue,4,60.00,9.00,Trango Splitter Cam 2,16.00,22.00,6.00
Old,Trango,Splitter Cam 3,purple,4,68.00,9.00,Trango Splitter Cam 3,20.00,28.00,8.00
Old,Trango,Splitter Cam 4,Green,4,74.00,9.00,Trango Splitter Cam 4,24.00,35.00,11.00
Old,Trango,Old Flex 1,yellow,4,65.00,8.00,Trango Old Flex 1,12.00,16.50,4.50
Old,Trango,Old Flex 2,blue,4,68.00,9.00,Trango Old Flex 2,14.00,20.00,6.00
Old,Trango,Old Flex 3,red,4,70.00,10.00,Trango Old Flex 3,17.00,24.50,7.50
Old,Trango,Old Flex 4,gray,4,95.00,12.00,Trango Old Flex 4,20.00,29.00,9.00
Old,Trango,Old Flex 5,yellow,4,110.00,12.00,Trango Old Flex 5,27.00,41.00,14.00
Old,Trango,Old Flex 6,blue,4,140.00,12.00,Trango Old Flex 6,35.00,53.00,18.00
Old,Trango,Old Flex 7,red,4,170.00,12.00,Trango Old Flex 7,48.00,67.00,19.00
Old,Trango,Old Flex 8,black,4,210.00,12.00,Trango Old Flex 8,61.00,91.00,30.00
Current,Valley Giant,VG 9,gray,4,888.00,17.00,Valley Giant VG 9,145.00,229.00,84.00
Current,Valley Giant,VG 12,gray,4,990.00,9.00,Valley Giant VG 12,188.00,305.00,117.00
Old,Wild Country,Zero 1,purple,4,25.00,3.00,Wild Country Zero 1,5.50,7.80,2.30
Old,Wild Country,Zero 2,green,4,32.00,4.00,Wild Country Zero 2,7.00,9.80,2.80
Old,Wild Country,Zero 3,silver,4,44.00,6.00,Wild Country Zero 3,8.50,12.20,3.70
Old,Wild Country,Zero 4,gold,4,50.00,6.00,Wild Country Zero 4,10.30,16.00,5.70
Old,Wild Country,Zero 5,blue,4,66.00,9.00,Wild Country Zero 5,13.00,19.00,6.00
Old,Wild Country,Zero 6,red,4,70.00,9.00,Wild Country Zero 6,17.00,24.00,7.00
Old,Wild Country,Helium 0.0,blue,4,87.00,12.00,Wild Country Helium 0.0,14.00,22.00,8.00
Old,Wild Country,Helium 0.5,red,4,91.00,12.00,Wild Country Helium 0.5,16.00,26.00,10.00
Old,Wild Country,Helium 1.0,gold,4,95.00,12.00,Wild Country Helium 1.0,19.00,32.00,13.00
Old,Wild Country,Helium 1.5,silver,4,104.00,12.00,Wild Country Helium 1.5,23.00,38.00,15.00
Old,Wild Country,Helium 2.0,red,4,109.00,12.00,Wild Country Helium 2.0,28.00,46.00,18.00
Old,Wild Country,Helium 2.5,gold,4,117.00,12.00,Wild Country Helium 2.5,34.00,55.00,21.00
Old,Wild Country,Helium 3.0,purple,4,145.00,12.00,Wild Country Helium 3.0,42.00,67.00,25.00
Old,Wild Country,Helium 3.5,blue,4,171.00,12.00,Wild Country Helium 3.5,51.00,83.00,32.00
Old,Wild Country,Helium 4.0,silver,4,208.00,12.00,Wild Country Helium 4.0,64.00,101.00,37.00
Current,Wild Country,Tech Friend 5.0,Red,4,339.00,14.00,Wild Country Tech Friend 5.0,84.00,138.00,54.00
Current,Wild Country,Tech Friend 6.0,Green,4,533.00,14.00,Wild Country Tech Friend 6.0,118.00,194.00,76.00
Current,Wild Country,New Friend 0.4,gray,4,75,10,Wild Country New Friend 0.4,15.8,26.37,10.57
Current,Wild Country,New Friend 0.5,purple,4,88.00,12.00,Wild Country New Friend 0.5,20.60,34.50,13.90
Current,Wild Country,New Friend 0.75,Green,4,102.00,12.00,Wild Country New Friend 0.75,25.80,43.00,17.20
Current,Wild Country,New Friend 1,red,4,123.00,12.00,Wild Country New Friend 1,31.70,53.60,21.90
Current,Wild Country,New Friend 2,yellow,4,142.00,12.00,Wild Country New Friend 2,41.50,69.30,27.80
Current,Wild Country,New Friend 3,Blue,4,192.00,12.00,Wild Country New Friend 3,52.70,88.00,35.30
Current,Wild Country,New Friend 4,gray,4,260.00,12.00,Wild Country New Friend 4,66.80,112.10,45.30
Old,Wild Country,Forged Friend 1,yellow,4,88.00,14.00,Wild Country Forged Friend 1,20.00,24.00,4.00
Old,Wild Country,Forged Friend 1.25,purple,4,94.00,14.00,Wild Country Forged Friend 1.25,22.00,28.00,6.00
Old,Wild Country,Forged Friend 1.5,gray,4,94.00,14.00,Wild Country Forged Friend 1.5,24.00,30.00,6.00
Old,Wild Country,Forged Friend 1.75,green,4,99.00,14.00,Wild Country Forged Friend 1.75,25.00,39.00,14.00
Old,Wild Country,Forged Friend 2,red,4,102.00,14.00,Wild Country Forged Friend 2,30.00,38.00,8.00
Old,Wild Country,Forged Friend 2.5,yellow,4,116.00,14.00,Wild Country Forged Friend 2.5,36.00,46.00,10.00
Old,Wild Country,Forged Friend 3,purple,4,147.00,14.00,Wild Country Forged Friend 3,46.00,56.00,10.00
Old,Wild Country,Forged Friend 3.5,blue,4,167.00,14.00,Wild Country Forged Friend 3.5,53.00,69.00,16.00
Old,Wild Country,Forged Friend 4,green,4,210.00,14.00,Wild Country Forged Friend 4,69.00,86.00,17.00
Old,Wild Country,Old Tech Friend 00,yellow,4,57.00,10.00,Wild Country Old Tech Friend 00,11.00,14.00,3.00
Old,Wild Country,Old Tech Friend 0,blue,4,85.00,14.00,Wild Country Old Tech Friend 0,13.00,17.00,4.00
Old,Wild Country,Old Tech Friend .5,red,4,91.00,14.00,Wild Country Old Tech Friend .5,18.00,21.00,3.00
Old,Wild Country,Old Tech Friend 1,yellow,4,91.00,14.00,Wild Country Old Tech Friend 1,20.00,24.00,4.00
Old,Wild Country,Old Tech Friend 1.25,purple,4,94.00,14.00,Wild Country Old Tech Friend 1.25,22.00,28.00,6.00
Old,Wild Country,Old Tech Friend 1.5,gray,4,94.00,14.00,Wild Country Old Tech Friend 1.5,24.00,30.00,6.00
Old,Wild Country,Old Tech Friend 1.75,green,4,96.00,14.00,Wild Country Old Tech Friend 1.75,25.00,36.00,11.00
Old,Wild Country,Old Tech Friend 2,red,4,108.00,14.00,Wild Country Old Tech Friend 2,30.00,38.00,8.00
Old,Wild Country,Old Tech Friend 2.5,yellow,4,130.00,14.00,Wild Country Old Tech Friend 2.5,36.00,46.00,10.00
Old,Wild Country,Old Tech Friend 3,purple,4,153.00,14.00,Wild Country Old Tech Friend 3,46.00,56.00,10.00
Old,Wild Country,Old Tech Friend 3.5,blue,4,173.00,14.00,Wild Country Old Tech Friend 3.5,53.00,69.00,16.00
Old,Wild Country,Old Tech Friend 4,green,4,218.00,14.00,Wild Country Old Tech Friend 4,69.00,86.00,17.00
Old,Wild Country,Old Tech Friend 5,red,4,332.00,14.00,Wild Country Old Tech Friend 5,89.00,117.00,28.00
Old,Wild Country,Old Tech Friend 6,green,4,507.00,14.00,Wild Country Old Tech Friend 6,124.00,163.00,39.00
Old,Wired Bliss,TCU .4,Blue,3,62.37,10.00,Wired Bliss TCU .4,10.41,14.99,4.58
Old,Wired Bliss,TCU .5,yellow,3,68.04,10.00,Wired Bliss TCU .5,12.70,18.54,5.84
Old,Wired Bliss,TCU .75,Red,3,73.71,12.00,Wired Bliss TCU .75,15.24,22.61,7.37
Old,Wired Bliss,TCU 1,purple,3,79.38,12.00,Wired Bliss TCU 1,18.80,27.43,8.63
Old,Wired Bliss,TCU 2,Silver,3,85.05,12.00,Wired Bliss TCU 2,23.11,33.53,10.42
Old,Wired Bliss,Quad 1,Purple,4,87.88,12.00,Wired Bliss Quad 1,18.80,27.43,8.63
Old,Wired Bliss,Quad 1.5,SIlver,4,96.39,12.00,Wired Bliss Quad 1.5,23.11,33.53,10.42
Old,Wired Bliss,Quad 2,black,4,104.89,12.00,Wired Bliss Quad 2,28.70,42.42,13.72
Old,Wired Bliss,Quad 2.5,Green,4,121.90,12.00,Wired Bliss Quad 2.5,33.27,51.56,18.29
Old,Wired Bliss,Quad 3,purple,4,136.08,12.00,Wired Bliss Quad 3,41.40,62.48,21.08
Old,Wired Bliss,Quad 3.5,turquoise,4,170.10,12.00,Wired Bliss Quad 3.5,50.55,76.45,25.90
Old,Wired Bliss,Quad 4,orange,4,201.28,12.00,Wired Bliss Quad 4,58.67,93.73,35.06
Current,Black Diamond,Stopper 1,Red,1.00,7.00,2.00,Black Diamond Stopper 1,4.30,9.10,4.8
Current,Black Diamond,Stopper 2,yellow,1.00,8.00,2.00,Black Diamond Stopper 2,4.80,9.90,5.1
Current,Black Diamond,Stopper 3,blue,1.00,15.00,5.00,Black Diamond Stopper 3,6.10,11.40,5.3
Current,Black Diamond,Stopper 4,black,1.00,16.00,6.00,Black Diamond Stopper 4,6.90,12.40,5.5
Current,Black Diamond,Stopper 5,purple,1.00,18.00,6.00,Black Diamond Stopper 5,8.40,13.50,5.1
Current,Black Diamond,Stopper 6,silver,1.00,32.00,10.00,Black Diamond Stopper 6,10.20,15.50,5.3
Current,Black Diamond,Stopper 7,orange,1.00,34.00,10.00,Black Diamond Stopper 7,11.70,16.30,4.6
Current,Black Diamond,Stopper 8,yellow,1.00,37.00,10.00,Black Diamond Stopper 8,13.50,18.30,4.8
Current,Black Diamond,Stopper 9,blue,1.00,39.00,10.00,Black Diamond Stopper 9,15.20,20.80,5.6
Current,Black Diamond,Stopper 10,silver,1.00,43.00,10.00,Black Diamond Stopper 10,17.30,23.40,6.1
Current,Black Diamond,Stopper 11,purple,1.00,51.00,10.00,Black Diamond Stopper 11,20.10,26.70,6.6
Current,Black Diamond,Stopper 12,silver,1.00,58.00,10.00,Black Diamond Stopper 12,22.90,30.50,7.6
Current,Black Diamond,Stopper 13,orange,1.00,71.00,10.00,Black Diamond Stopper 13,26.40,35.10,8.7
Current,Black Diamond,Micro Stopper 1,Silver,1.00,4.00,2.00,Black Diamond Micro Stopper 1,3.70,5.10,1.4
Current,Black Diamond,Micro Stopper 2,Silver,1.00,7.00,3.00,Black Diamond Micro Stopper 2,4.60,6.50,1.9
Current,Black Diamond,Micro Stopper 3,Silver,1.00,10.00,5.00,Black Diamond Micro Stopper 3,5.10,7.50,2.4
Current,Black Diamond,Micro Stopper 4,Silver,1.00,13.00,6.00,Black Diamond Micro Stopper 4,5.90,8.40,2.5
Current,Black Diamond,Micro Stopper 5,Silver,1.00,15.00,6.00,Black Diamond Micro Stopper 5,7.40,9.40,2
Current,Black Diamond,Micro Stopper 6,Silver,1.00,21.00,8.00,Black Diamond Micro Stopper 6,8.80,10.40,1.6
Current,Black Diamond,Offset Micro Stopper 1,Silver,1.00,2.00,2.00,Black Diamond Offset Micro Stopper 1,3.00,5.30,2.3
Current,Black Diamond,Offset Micro Stopper 2,Silver,1.00,3.00,3.00,Black Diamond Offset Micro Stopper 2,3.40,6.50,3.1
Current,Black Diamond,Offset Micro Stopper 3,Silver,1.00,6.00,5.00,Black Diamond Offset Micro Stopper 3,4.60,7.80,3.2
Current,Black Diamond,Offset Micro Stopper 4,Silver,1.00,10.00,6.00,Black Diamond Offset Micro Stopper 4,5.90,9.50,3.6
Current,Black Diamond,Offset Micro Stopper 5,Silver,1.00,11.00,6.00,Black Diamond Offset Micro Stopper 5,8.00,10.50,2.5
Current,Black Diamond,Offset Micro Stopper 6,Silver,1.00,18.00,8.00,Black Diamond Offset Micro Stopper 6,9.00,12.50,3.5
Current,Black Diamond,Wired Hexentric 1,red,1.00,19.00,6.00,Black Diamond Wired Hexentric 1,11.40,19.00,7.6
Current,Black Diamond,Wired Hexentric 2,silver,1.00,22.00,6.00,Black Diamond Wired Hexentric 2,14.20,20.80,6.6
Current,Black Diamond,Wired Hexentric 3,yellow,1.00,28.00,6.00,Black Diamond Wired Hexentric 3,16.80,24.40,7.6
Current,Black Diamond,Wired Hexentric 4,red,1.00,51.00,10.00,Black Diamond Wired Hexentric 4,20.60,27.90,7.3
Current,Black Diamond,Wired Hexentric 5,silver,1.00,53.00,10.00,Black Diamond Wired Hexentric 5,23.90,33.00,9.1
Current,Black Diamond,Wired Hexentric 6,yellow,1.00,64.00,10.00,Black Diamond Wired Hexentric 6,27.20,39.10,11.9
Current,Black Diamond,Wired Hexentric 7,red,1.00,86.00,10.00,Black Diamond Wired Hexentric 7,33.00,45.70,12.7
Current,Black Diamond,Wired Hexentric 8,silver,1.00,94.00,10.00,Black Diamond Wired Hexentric 8,39.10,54.10,15
Current,Black Diamond,Wired Hexentric 9,yellow,1.00,124.00,10.00,Black Diamond Wired Hexentric 9,47.00,63.70,16.7
Current,Black Diamond,Wired Hexentric 10,red,1.00,164.00,10.00,Black Diamond Wired Hexentric 10,55.60,75.20,19.6
Current,Black Diamond,Wired Hexentric 11,silver,1.00,206.00,10.00,Black Diamond Wired Hexentric 11,65.00,89.20,24.2
Current,Camp,Tricam Evo .25,Black,1.00,17.00,5.00,Camp Tricam Evo .25,13.50,23.00,9.5
Current,Camp,Tricam Evo .5,Pink,1.00,29.00,8.00,Camp Tricam Evo .5,17.00,27.00,10
Current,Camp,Tricam Evo 1,Red,1.00,37.00,10.00,Camp Tricam Evo 1,21.00,32.00,11
Current,Camp,Tricam Evo 1.5,Brown,1.00,57.00,14.00,Camp Tricam Evo 1.5,27.00,40.00,13
Current,Camp,Tricam .125,White,1.00,10.50,"42,431.00",Camp Tricam .125,10.00,16.00,6
Current,Camp,Tricam .25,black,1.00,19.00,5.00,Camp Tricam .25,13.50,22.00,8.5
Current,Camp,Tricam .5,pink,1.00,30.00,"42,620.00",Camp Tricam .5,18.00,27.00,9
Current,Camp,Tricam 1,red,1.00,37.00,"42,651.00",Camp Tricam 1,21.00,32.00,11
Current,Camp,Tricam 1.5,brown,1.00,55.00,14.00,Camp Tricam 1.5,26.00,40.00,14
Current,Camp,Tricam 2,purple,1.00,57.00,14.00,Camp Tricam 2,29.00,45.00,16
Current,Camp,Tricam 2.5,blue,1.00,77.00,15.00,Camp Tricam 2.5,32.00,48.00,16
Current,Camp,Tricam 3,dark blue,1.00,90.00,16/11,Camp Tricam 3,38.00,54.00,16
Current,Camp,Tricam 3.5,gray,1.00,117.00,18.00,Camp Tricam 3.5,41.00,60.00,19
Current,Camp,Tricam 4,green,1.00,138.00,18.00,Camp Tricam 4,45.00,64.00,19
Current,Camp,Tricam 5,orange,1.00,120.00,22.00,Camp Tricam 5,57.00,89.00,32
Current,Camp,Tricam 6,yellow,1.00,200.00,18.00,Camp Tricam 6,73.00,105.00,32
Current,Camp,Tricam 7,dark yellow,1.00,264.00,16.00,Camp Tricam 7,92.00,140.00,48
Current,Camp,Pro Nut 1,black,1.00,12.00,4.00,Camp Pro Nut 1,7.00,13.00,0
Current,Camp,Pro Nut 2,green,1.00,20.00,8.00,Camp Pro Nut 2,10.00,16.00,0
Current,Camp,Pro Nut 3,light blue,1.00,30.00,10.00,Camp Pro Nut 3,13.00,20.00,0
Current,Camp,Pro Nut 4,purple,1.00,37.00,10.00,Camp Pro Nut 4,15.00,23.00,0
Current,Camp,Pro Nut 5,red,1.00,41.00,10.00,Camp Pro Nut 5,18.00,27.00,0
Current,Camp,Pro Nut 6,silver,1.00,47.00,10.00,Camp Pro Nut 6,20.00,29.00,0
Current,Camp,Pro Nut 7,blue,1.00,55.00,10.00,Camp Pro Nut 7,23.00,33.00,0
Old,Camp,Wired Carvex 1,,1.00,25.00,10.00,Camp Wired Carvex 1,11.00,18.00,7
Old,Camp,Wired Carvex 2,,1.00,28.00,10.00,Camp Wired Carvex 2,13.00,21.00,8
Old,Camp,Wired Carvex 3,,1.00,30.00,10.00,Camp Wired Carvex 3,16.00,24.00,8
Old,Camp,Wired Carvex 4,Yellow,1.00,35.00,10.00,Camp Wired Carvex 4,22.00,29.00,7
Old,Camp,Wired Carvex 5,red,1.00,47.00,10.00,Camp Wired Carvex 5,26.00,34.00,8
Old,Camp,Wired Carvex 6,gray,1.00,57.00,10.00,Camp Wired Carvex 6,31.00,40.00,9
Old,Camp,Wired Carvex 7,blue,1.00,72.00,10.00,Camp Wired Carvex 7,38.00,48.00,10
Old,Camp,Wired Carvex 8,orange,1.00,96.00,10.00,Camp Wired Carvex 8,44.00,56.00,12
Old,Camp,Wired Carvex 9,purple,1.00,128.00,10.00,Camp Wired Carvex 9,54.00,66.00,12
Old,Camp,Wired Carvex 10,Brown,1.00,176.00,10.00,Camp Wired Carvex 10,64.00,79.00,15
Old,Camp,Wired Carvex 11,Silver,1.00,236.00,10.00,Camp Wired Carvex 11,75.00,91.00,16
Old,Camp,Dyneema Carvex 4,Yellow,1.00,24.00,10.00,Camp Dyneema Carvex 4,22.00,29.00,7
Old,Camp,Dyneema Carvex 5,red,1.00,32.00,15.00,Camp Dyneema Carvex 5,26.00,34.00,8
Old,Camp,Dyneema Carvex 6,gray,1.00,42.00,17.00,Camp Dyneema Carvex 6,31.00,40.00,9
Old,Camp,Dyneema Carvex 7,blue,1.00,58.00,17.00,Camp Dyneema Carvex 7,38.00,48.00,10
Old,Camp,Dyneema Carvex 8,orange,1.00,86.00,17.00,Camp Dyneema Carvex 8,44.00,56.00,12
Old,Camp,Dyneema Carvex 9,purple,1.00,124.00,17.00,Camp Dyneema Carvex 9,54.00,66.00,12
Old,Camp,Dyneema Carvex 10,Brown,1.00,165.00,17.00,Camp Dyneema Carvex 10,64.00,79.00,15
Old,Camp,Dyneema Carvex 11,Silver,1.00,226.00,17.00,Camp Dyneema Carvex 11,75.00,91.00,16
Current,DMM,Wallnut 1,purple,1.00,15.00,7.00,DMM Wallnut 1,6.70,14.30,7.6
Current,DMM,Wallnut 2,green,1.00,26.00,7.00,DMM Wallnut 2,8.10,15.80,7.7
Current,DMM,Wallnut 3,silver,1.00,28.00,11.00,DMM Wallnut 3,9.40,16.50,7.1
Current,DMM,Wallnut 4,gold,1.00,30.00,12.00,DMM Wallnut 4,11.00,17.60,6.6
Current,DMM,Wallnut 5,blue,1.00,32.00,12.00,DMM Wallnut 5,13.20,19.40,6.2
Current,DMM,Wallnut 6,red,1.00,39.00,12.00,DMM Wallnut 6,15.60,22.60,7
Current,DMM,Wallnut 7,gray,1.00,40.00,12.00,DMM Wallnut 7,18.90,25.80,6.9
Current,DMM,Wallnut 8,turquoise,1.00,45.00,12.00,DMM Wallnut 8,22.30,29.00,6.7
Current,DMM,Wallnut 9,gold,1.00,50.00,12.00,DMM Wallnut 9,25.20,32.10,6.9
Current,DMM,Wallnut 10,silver,1.00,56.00,12.00,DMM Wallnut 10,28.80,32.60,3.8
Current,DMM,Wallnut 11,green,1.00,68.00,12.00,DMM Wallnut 11,33.10,37.40,4.3
Current,DMM,Alloy Offset 7,Yellow,1.00,27.00,12.00,DMM Alloy Offset 7,12.00,15.10,3.1
Current,DMM,Alloy Offset 8,blue,1.00,30.00,12.00,DMM Alloy Offset 8,13.50,17.90,4.4
Current,DMM,Alloy Offset 9,red,1.00,37.00,12.00,DMM Alloy Offset 9,17.10,21.40,4.3
Current,DMM,Alloy Offset 10,gray,1.00,45.00,12.00,DMM Alloy Offset 10,19.40,25.10,5.7
Current,DMM,Alloy Offset 11,turquoise,1.00,56.00,12.00,DMM Alloy Offset 11,23.20,30.00,6.8
Current,DMM,Torque Nut 1,turquoise,1.00,54.00,14.00,DMM Torque Nut 1,31.00,41.00,10
Current,DMM,Torque Nut 2,red,1.00,70.00,14.00,DMM Torque Nut 2,36.00,49.00,13
Current,DMM,Torque Nut 3,gold,1.00,104.00,14.00,DMM Torque Nut 3,44.00,59.00,15
Current,DMM,Torque Nut 4,blue,1.00,145.00,14.00,DMM Torque Nut 4,54.00,71.00,17
Old,DMM,Old Offset 1,,1.00,2.00,,DMM Old Offset 1,3.70,5.50,1.80
Old,DMM,Old Offset 2,,1.00,4.00,,DMM Old Offset 2,4.30,6.50,2.20
Old,DMM,Old Offset 3,,1.00,5.00,,DMM Old Offset 3,5.60,7.50,1.90
Old,DMM,Old Offset 4,,1.00,5.00,,DMM Old Offset 4,6.00,8.50,2.50
Old,DMM,Old Offset 5,,1.00,7.00,,DMM Old Offset 5,7.50,10.20,2.70
Old,DMM,Old Offset 6,,1.00,7.00,,DMM Old Offset 6,9.80,13.90,4.10
Old,DMM,HB Offset 7,blue,1.00,10.00,,DMM HB Offset 7,12.00,15.10,3.10
Old,DMM,HB Offset 8,red,1.00,12.00,,DMM HB Offset 8,13.50,17.90,4.40
Old,DMM,HB Offset 9,orange,1.00,12.00,,DMM HB Offset 9,17.10,21.40,4.30
Old,DMM,HB Offset 10,yellow,1.00,12.00,,DMM HB Offset 10,19.40,25.10,5.70
Old,DMM,HB Offset 11,green,1.00,12.00,,DMM HB Offset 11,23.20,30.00,6.80
Current,DMM,Brass Imp 1,Blue,1.00,4.00,,DMM Brass Imp 1,4.00,5.60,1.60
Current,DMM,Brass Imp 2,red,8.00,5.00,,DMM Brass Imp 2,4.80,6.40,1.60
Current,DMM,Brass Imp 3,gray,10.00,5.00,,DMM Brass Imp 3,6.40,7.90,1.50
Current,DMM,Brass Imp 4,purple,13.00,7.00,,DMM Brass Imp 4,7.90,9.50,1.60
Current,DMM,Brass Imp 5,green,16.00,7.00,,DMM Brass Imp 5,9.50,11.10,1.60
Old,DMM,Micro Wallnut 00,Gold,6.00,2.00,,DMM Micro Wallnut 00,4.00,9.70,5.70
Old,DMM,Micro Wallnut 00,Blue,6.00,2.00,,DMM Micro Wallnut 00,4.60,10.80,6.20
Old,DMM,Micro Wallnut .5,Red,9.00,4.00,,DMM Micro Wallnut .5,5.10,11.70,6.60
Old,DMM,Micro Wallnut .75,Gray,10.00,6.00,,DMM Micro Wallnut .75,5.90,12.60,6.70
Current,DMM,Peenut 1,red,9.00,4.00,,DMM Peenut 1,6.50,11.50,5.00
Current,DMM,Peenut 2,gray,10.00,5.00,,DMM Peenut 2,6.80,12.10,5.30
Current,DMM,Peenut 3,purple,10.00,5.00,,DMM Peenut 3,7.80,12.70,4.90
Current,DMM,Peenut 4,green,16.00,8.00,,DMM Peenut 4,8.90,13.20,4.30
Current,DMM,Peenut 5,silver,18.00,8.00,,DMM Peenut 5,9.20,13.90,4.70
Current,Kouba,Abalak 1,silver,20.00,6.00,,Kouba Abalak 1,18.00,21.00,3.00
Current,Kouba,Abalak 2,yellow,20.00,6.00,,Kouba Abalak 2,19.00,26.00,7.00
Current,Kouba,Abalak 3,orange,40.00,10.00,,Kouba Abalak 3,21.00,32.00,11.00
Current,Kouba,Abalak 4,green,50.00,10.00,,Kouba Abalak 4,24.00,42.00,18.00
Current,Kouba,Abalak 5,blue,80.00,14.00,,Kouba Abalak 5,27.00,53.50,26.50
Current,Kouba,Abalak 6,red,110.00,14.00,,Kouba Abalak 6,31.00,63.50,32.50
Current,Kouba,Alu Nut 1,yellow,24.00,"42,621.00",,Kouba Alu Nut 1,10.00,12.00,2.00
Current,Kouba,Alu Nut 2,orange,25.00,"42,621.00",,Kouba Alu Nut 2,11.00,13.00,2.00
Current,Kouba,Alu Nut 3,green,26.00,"42,621.00",,Kouba Alu Nut 3,12.00,13.50,1.50
Current,Kouba,Alu Nut 4,blue,27.00,10.00,,Kouba Alu Nut 4,13.50,15.00,1.50
Current,Kouba,Alu Nut 5,gray,29.00,10.00,,Kouba Alu Nut 5,15.00,17.00,2.00
Current,Kouba,Alu Nut 6,red,32.00,10.00,,Kouba Alu Nut 6,17.00,18.00,1.00
Current,Kouba,Alu Nut 7,brown,36.00,10.00,,Kouba Alu Nut 7,19.00,20.00,1.00
Current,Kouba,Alu Nut 8,purple,43.00,12.00,,Kouba Alu Nut 8,21.00,22.50,1.50
Current,Kouba,Alu Nut 9,black,50.00,12.00,,Kouba Alu Nut 9,23.00,24.00,1.00
Current,Kouba,Duo 1,yellow,15.00,"42,524.00",,Kouba Duo 1,6.00,10.50,4.50
Current,Kouba,Duo 2,green,16.00,"42,524.00",,Kouba Duo 2,6.80,11.50,4.70
Current,Kouba,Duo 3,orange,17.00,"42,524.00",,Kouba Duo 3,7.80,12.50,4.70
Current,Kouba,Duo 4,blue,23.00,"42,649.00",,Kouba Duo 4,8.70,13.50,4.80
Current,Kouba,Duo 5,red,25.00,"42,649.00",,Kouba Duo 5,9.80,14.50,4.70
Current,Kouba,Duo 6,brown,28.00,"42,649.00",,Kouba Duo 6,10.60,15.00,4.40
Current,Kouba,Hex 1,silver,30.00,"42,651.00",,Kouba Hex 1,13.00,19.00,6.00
Current,Kouba,Hex 2,yellow,30.00,"42,651.00",,Kouba Hex 2,16.00,22.00,6.00
Current,Kouba,Hex 3,orange,40.00,"42,714.00",,Kouba Hex 3,19.50,27.50,8.00
Current,Kouba,Hex 4,green,40.00,"42,714.00",,Kouba Hex 4,23.50,32.00,8.50
Current,Kouba,Hex 5,blue,70.00,14/12,,Kouba Hex 5,30.00,38.00,8.00
Current,Kouba,Hex 6,red,90.00,14/12,,Kouba Hex 6,35.50,44.50,9.00
Current,Kouba,Horn 1,silver,26.00,"42,651.00",,Kouba Horn 1,10.00,18.00,8.00
Current,Kouba,Horn 2,yellow,33.00,"42,651.00",,Kouba Horn 2,11.50,22.00,10.50
Current,Kouba,Horn 3,orange,42.00,10.00,,Kouba Horn 3,15.50,24.50,9.00
Current,Kouba,Horn 4,green,48.00,"42,714.00",,Kouba Horn 4,22.00,27.00,5.00
Current,Kouba,Horn 5,blue,80.00,"42,714.00",,Kouba Horn 5,26.00,30.00,4.00
Current,Kouba,Horn 6,red,92.00,14/12,,Kouba Horn 6,29.50,31.50,2.00
Current,Kouba,Horn 7,brown,113.00,14/12,,Kouba Horn 7,35.50,35.50,0.00
Current,Kouba,Vector 1,gold,26.00,"42,587.00",,Kouba Vector 1,11.00,14.60,3.60
Current,Kouba,Vector 2,blue,28.00,10.00,,Kouba Vector 2,13.60,17.20,3.60
Current,Kouba,Vector 3,red,32.00,"42,714.00",,Kouba Vector 3,15.60,19.40,3.80
Current,Kouba,Vector 4,purple,40.00,"42,714.00",,Kouba Vector 4,19.50,24.30,4.80
Current,Kouba,Vector 5,black,52.00,12.00,,Kouba Vector 5,24.30,29.00,4.70
Current,Kouba,Top 1,silver,20.00,"42,525.00",,Kouba Top 1,6.00,12.00,6.00
Current,Kouba,Top 2,yellow,20.00,"42,525.00",,Kouba Top 2,7.50,12.00,4.50
Current,Kouba,Top 3,orange,20.00,"42,588.00",,Kouba Top 3,9.00,13.50,4.50
Current,Kouba,Top 4,green,20.00,"42,649.00",,Kouba Top 4,10.50,15.50,5.00
Current,Kouba,Top 5,blue,30.00,"42,651.00",,Kouba Top 5,12.00,19.50,7.50
Current,Kouba,Top 6,red,40.00,"42,712.00",,Kouba Top 6,14.50,24.50,10.00
Current,Kouba,Top 7,brown,50.00,"42,714.00",,Kouba Top 7,19.00,29.00,10.00
Current,Kouba,Rox 1,silver,20.00,"42,525.00",,Kouba Rox 1,6.00,11.50,5.50
Current,Kouba,Rox 2,yellow,20.00,"42,525.00",,Kouba Rox 2,7.00,11.50,4.50
Current,Kouba,Rox 3,orange,20.00,"42,651.00",,Kouba Rox 3,9.00,13.50,4.50
Current,Kouba,Rox 4,green,30.00,"42,651.00",,Kouba Rox 4,10.50,15.50,5.00
Current,Kouba,Rox 5,blue,30.00,10.00,,Kouba Rox 5,13.00,16.00,3.00
Current,Kouba,Rox 6,red,30.00,10.00,,Kouba Rox 6,15.00,20.00,5.00
Current,Kouba,Rox 7,brown,40.00,10.00,,Kouba Rox 7,18.00,24.50,6.50
Current,Kouba,Mosaz 1,silver,17.00,6.00,,Kouba Mosaz 1,5.00,9.00,4.00
Current,Kouba,Mosaz 2,yellow,18.00,6.00,,Kouba Mosaz 2,6.00,10.00,4.00
Current,Kouba,Mosaz 3,orange,19.00,7.00,,Kouba Mosaz 3,7.00,11.00,4.00
Current,Kouba,Mosaz 4,green,26.00,"42,555.00",,Kouba Mosaz 4,8.00,12.00,4.00
Current,Kouba,Mosaz 5,blue,28.00,"42,589.00",,Kouba Mosaz 5,8.80,13.00,4.20
Current,Kouba,Mosaz 6,red,30.00,"42,589.00",,Kouba Mosaz 6,9.50,13.80,4.30
Current,Kouba,Mosaz 7,brown,34.00,"42,621.00",,Kouba Mosaz 7,11.80,14.80,3.00
Current,Kouba,Mosaz 8,black,38.00,"42,621.00",,Kouba Mosaz 8,13.80,15.50,1.70
Current,Kouba,Granite 1,yellow,17.00,6.00,,Kouba Granite 1,7.50,11.00,3.50
Current,Kouba,Granite 2,orange,24.00,6.00,,Kouba Granite 2,8.50,12.80,4.30
Current,Kouba,Granite 3,green,25.00,6.00,,Kouba Granite 3,9.80,13.80,4.00
Current,Kouba,Granite 4,blue,26.00,8.00,,Kouba Granite 4,11.00,14.80,3.80
Current,Kouba,Granite 5,purple,28.00,8.00,,Kouba Granite 5,12.50,15.80,3.30
Current,Kouba,Granite 6,red,31.00,10.00,,Kouba Granite 6,16.00,19.50,3.50
Current,Kouba,Granite 7,brown,33.00,10.00,,Kouba Granite 7,18.50,22.50,4.00
Current,Kouba,Granite 8,purple,36.00,12.00,,Kouba Granite 8,21.50,22.50,1.00
Current,Kouba,Granite 9,silver,41.00,12.00,,Kouba Granite 9,21.50,24.50,3.00
Current,Kouba,Granite 10,orange,50.00,12.00,,Kouba Granite 10,24.50,27.50,3.00
Current,Kouba,Granite 11,light yellow,57.00,12.00,,Kouba Granite 11,27.50,29.50,2.00
Current,Kouba,Anodized Alu 1,light yellow,24.00,"42,621.00",,Kouba Anodized Alu 1,10.00,12.00,2.00
Current,Kouba,Anodized Alu 2,yellow,25.00,"42,621.00",,Kouba Anodized Alu 2,11.00,13.00,2.00
Current,Kouba,Anodized Alu 3,green,26.00,"42,621.00",,Kouba Anodized Alu 3,12.00,13.50,1.50
Current,Kouba,Anodized Alu 4,turquoise,27.00,10.00,,Kouba Anodized Alu 4,13.50,15.00,1.50
Current,Kouba,Anodized Alu 5,blue,29.00,10.00,,Kouba Anodized Alu 5,15.00,17.00,2.00
Current,Kouba,Anodized Alu 6,red,32.00,10.00,,Kouba Anodized Alu 6,17.00,18.00,1.00
Current,Kouba,Anodized Alu 7,silver,36.00,10.00,,Kouba Anodized Alu 7,19.00,20.00,1.00
Current,Kouba,Anodized Alu 8,purple,43.00,12.00,,Kouba Anodized Alu 8,21.00,22.50,1.50
Current,Kouba,Anodized Alu 9,black,50.00,12.00,,Kouba Anodized Alu 9,23.00,24.00,1.00
Current,Kouba,Anodized Hex 1,silver,30.00,"42,651.00",,Kouba Anodized Hex 1,13.00,19.00,6.00
Current,Kouba,Anodized Hex 2,light yellow,30.00,"42,651.00",,Kouba Anodized Hex 2,16.00,22.00,6.00
Current,Kouba,Anodized Hex 3,gold,40.00,"42,714.00",,Kouba Anodized Hex 3,19.50,27.50,8.00
Current,Kouba,Anodized Hex 4,green,40.00,"42,653.00",,Kouba Anodized Hex 4,23.50,32.00,8.50
Current,Kouba,Anodized Hex 5,blue,70.00,14/12,,Kouba Anodized Hex 5,30.00,38.00,8.00
Current,Kouba,Anodized Hex 6,red,90.00,14/12,,Kouba Anodized Hex 6,35.50,44.50,9.00
Current,Omega Pacific,Wedgie 1,silver,7.09,2.00,,Omega Pacific Wedgie 1,3.56,9.91,6.35
Current,Omega Pacific,Wedgie 2,black,7.94,2.00,,Omega Pacific Wedgie 2,4.06,9.91,5.85
Current,Omega Pacific,Wedgie 3,red,15.03,5.00,,Omega Pacific Wedgie 3,5.84,10.92,5.08
Current,Omega Pacific,Wedgie 4,purple,15.88,6.00,,Omega Pacific Wedgie 4,6.85,11.18,4.33
Current,Omega Pacific,Wedgie 5,dark gray,18.14,6.00,,Omega Pacific Wedgie 5,8.38,13.51,5.13
Current,Omega Pacific,Wedgie 6,red,36.85,10.00,,Omega Pacific Wedgie 6,9.66,14.18,4.52
Current,Omega Pacific,Wedgie 7,blue,34.02,10.00,,Omega Pacific Wedgie 7,11.18,15.49,4.31
Current,Omega Pacific,Wedgie 8,silver,36.85,10.00,,Omega Pacific Wedgie 8,13.21,17.27,4.06
Current,Omega Pacific,Wedgie 9,yellow,36.85,10.00,,Omega Pacific Wedgie 9,15.24,20.32,5.08
Current,Omega Pacific,Wedgie 10,green,42.52,10.00,,Omega Pacific Wedgie 10,17.27,22.35,5.08
Current,Omega Pacific,Wedgie 11,red,51.03,10.00,,Omega Pacific Wedgie 11,19.81,25.65,5.84
Current,Omega Pacific,Wedgie 12,blue,56.70,10.00,,Omega Pacific Wedgie 12,22.85,29.72,6.87
Current,Omega Pacific,Wedgie 13,turquoise,70.87,10.00,,Omega Pacific Wedgie 13,26.42,33.76,7.34
Current,Metolius,Astro Nut 1,gray,5.70,1.40,,Metolius Astro Nut 1,3.10,6.10,3.00
Current,Metolius,Astro Nut 2,blue,6.00,1.40,,Metolius Astro Nut 2,3.50,6.10,2.60
Current,Metolius,Astro Nut 3,gold,6.20,2.50,,Metolius Astro Nut 3,4.10,6.10,2.00
Current,Metolius,Astro Nut 4,red,6.50,2.50,,Metolius Astro Nut 4,4.60,6.50,1.90
Current,Metolius,Astro Nut 5,black,7.00,2.50,,Metolius Astro Nut 5,5.30,7.40,2.10
Current,Metolius,Astro Nut 6,gray,11.00,6.00,,Metolius Astro Nut 6,5.90,8.10,2.20
Current,Metolius,Astro Nut 7,blue,13.90,6.00,,Metolius Astro Nut 7,6.90,9.40,2.50
Current,Metolius,Astro Nut 8,gold,16.20,6.00,,Metolius Astro Nut 8,8.10,10.60,2.50
Current,Metolius,Astro Nut 9,red,21.80,8.00,,Metolius Astro Nut 9,9.40,12.40,3.00
Current,Metolius,Astro Nut 10,black,26.90,8.00,,Metolius Astro Nut 10,10.60,13.90,3.30
Current,Metolius,UL Curve Nut 1,blue,19.00,7.00,,Metolius UL Curve Nut 1,9.10,13.20,4.10
Current,Metolius,UL Curve Nut 2,yellow,19.00,7.00,,Metolius UL Curve Nut 2,10.20,13.70,3.50
Current,Metolius,UL Curve Nut 3,orange,19.00,7.00,,Metolius UL Curve Nut 3,11.40,14.20,2.80
Current,Metolius,UL Curve Nut 4,red,22.00,7.00,,Metolius UL Curve Nut 4,121.70,16.00,-105.70
Current,Metolius,UL Curve Nut 5,black,22.00,7.00,,Metolius UL Curve Nut 5,14.20,17.80,3.60
Current,Metolius,UL Curve Nut 6,green,34.00,10.00,,Metolius UL Curve Nut 6,16.00,19.80,3.80
Current,Metolius,UL Curve Nut 7,light blue,36.00,10.00,,Metolius UL Curve Nut 7,17.80,22.40,4.60
Current,Metolius,UL Curve Nut 8,light purple,42.00,10.00,,Metolius UL Curve Nut 8,20.10,24.90,4.80
Current,Metolius,UL Curve Nut 9,purple,45.00,10.00,,Metolius UL Curve Nut 9,22.40,27.90,5.50
Current,Metolius,UL Curve Nut 10,dark blue,53.00,10.00,,Metolius UL Curve Nut 10,24.90,30.50,5.60
Current,Metolius,UL Hex 5,black,48.00,10.00,,Metolius UL Hex 5,21.60,27.90,6.30
Current,Metolius,UL Hex 6,green,54.00,10.00,,Metolius UL Hex 6,26.70,33.00,6.30
Current,Metolius,UL Hex 7,light blue,70.00,10.00,,Metolius UL Hex 7,31.80,42.20,10.40
Current,Metolius,UL Hex 8,light purple,94.00,10.00,,Metolius UL Hex 8,39.90,51.30,11.40
Current,Metolius,UL Hex 9,Maroon,127.00,10.00,,Metolius UL Hex 9,49.00,66.00,17.00
Current,Metolius,UL Hex 10,dark blue,156.00,10.00,,Metolius UL Hex 10,53.90,74.20,20.30
Old,Metolius,Curve Nut 1,blue,19.84,7.00,,Metolius Curve Nut 1,9.14,13.21,4.06
Old,Metolius,Curve Nut 2,yellow,19.84,7.00,,Metolius Curve Nut 2,10.16,13.72,3.56
Old,Metolius,Curve Nut 3,orange,19.84,7.00,,Metolius Curve Nut 3,11.43,14.22,2.79
Old,Metolius,Curve Nut 4,red,22.68,7.00,,Metolius Curve Nut 4,12.70,16.00,3.30
Old,Metolius,Curve Nut 5,black,22.68,7.00,,Metolius Curve Nut 5,14.22,17.78,3.56
Old,Metolius,Curve Nut 6,green,34.02,10.00,,Metolius Curve Nut 6,16.00,19.81,3.81
Old,Metolius,Curve Nut 7,light blue,36.85,10.00,,Metolius Curve Nut 7,17.78,22.35,4.57
Old,Metolius,Curve Nut 8,light purple,42.52,10.00,,Metolius Curve Nut 8,20.07,24.89,4.83
Old,Metolius,Curve Nut 9,Maroon,45.36,10.00,,Metolius Curve Nut 9,22.35,27.94,5.59
Old,Metolius,Curve Nut 10,dark blue,53.86,10.00,,Metolius Curve Nut 10,24.89,30.48,5.59
Old,Metolius,Curve Hex 1,blue,19.84,6.00,,Metolius Curve Hex 1,10.67,15.49,4.83
Old,Metolius,Curve Hex 2,yellow,22.68,6.00,,Metolius Curve Hex 2,11.68,17.02,5.33
Old,Metolius,Curve Hex 3,orange,39.69,10.00,,Metolius Curve Hex 3,13.97,20.07,6.10
Old,Metolius,Curve Hex 4,red,48.19,10.00,,Metolius Curve Hex 4,16.51,22.86,6.35
Old,Metolius,Curve Hex 5,black,51.03,10.00,,Metolius Curve Hex 5,21.59,27.94,6.35
Old,Metolius,Curve Hex 6,green,59.53,10.00,,Metolius Curve Hex 6,26.67,33.02,6.35
Old,Metolius,Curve Hex 7,light blue,73.71,10.00,,Metolius Curve Hex 7,31.75,42.16,10.41
Old,Metolius,Curve Hex 8,light purple,99.22,10.00,,Metolius Curve Hex 8,39.88,51.31,11.43
Old,Metolius,Curve Hex 9,Maroon,133.24,10.00,,Metolius Curve Hex 9,49.02,66.04,17.02
Old,Metolius,Curve Hex 10,dark blue,170.10,10.00,,Metolius Curve Hex 10,53.85,74.17,20.32
Old,Metolius,Alpine Hex 6,light blue,59.53,10.00,,Metolius Alpine Hex 6,26.67,33.02,6.35
Old,Metolius,Alpine Hex 7,red,73.71,10.00,,Metolius Alpine Hex 7,31.75,42.16,10.41
Old,Metolius,Alpine Hex 8,green,99.22,10.00,,Metolius Alpine Hex 8,39.88,51.31,11.43
Old,Metolius,Alpine Hex 9,brown,133.24,10.00,,Metolius Alpine Hex 9,49.02,66.04,17.02
Old,Metolius,Alpine Hex 10,blue,170.10,10.00,,Metolius Alpine Hex 10,53.85,74.17,20.32
Current,Trango,Big Bro 1,Red,154.00,12.00,,Trango Big Bro 1,81.00,109.00,28.00
Current,Trango,Big Bro 2,purple,190.00,12.00,,Trango Big Bro 2,101.00,145.00,44.00
Current,Trango,Big Bro 3,green,235.00,12.00,,Trango Big Bro 3,135.00,203.00,68.00
Current,Trango,Big Bro 4,blue,338.00,12.00,,Trango Big Bro 4,191.00,305.00,114.00
Current,Trango,Chockstone 1,silver,5.00,2.00,,Trango Chockstone 1,3.80,9.90,6.10
Current,Trango,Chockstone 2,orange,6.00,2.00,,Trango Chockstone 2,4.70,10.80,6.10
Current,Trango,Chockstone 3,silver,15.00,4.00,,Trango Chockstone 3,5.90,12.10,6.20
Current,Trango,Chockstone 4,orange,16.00,6.00,,Trango Chockstone 4,7.60,13.20,5.60
Current,Trango,Chockstone 5,silver,26.00,8.00,,Trango Chockstone 5,9.30,14.40,5.10
Current,Trango,Chockstone 6,orange,27.00,12.00,,Trango Chockstone 6,11.10,16.50,5.40
Current,Trango,Chockstone 7,silver,32.00,12.00,,Trango Chockstone 7,13.30,18.90,5.60
Current,Trango,Chockstone 8,orange,35.00,12.00,,Trango Chockstone 8,15.90,21.40,5.50
Current,Trango,Chockstone 9,silver,43.00,12.00,,Trango Chockstone 9,19.10,28.10,9.00
Current,Trango,Chockstone 10,orange,51.00,12.00,,Trango Chockstone 10,22.00,31.60,9.60
Current,Trango,Chockstone 11,silver,63.00,12.00,,Trango Chockstone 11,25.30,36.10,10.80
Current,Wild Country,Superlight Rock 1,pink,10.00,4.00,,Wild Country Superlight Rock 1,7.25,7.00,-0.25
Current,Wild Country,Superlight Rock 2,green,13.00,6.00,,Wild Country Superlight Rock 2,8.00,8.20,0.20
Current,Wild Country,Superlight Rock 3,silver,15.00,6.00,,Wild Country Superlight Rock 3,9.00,9.60,0.60
Current,Wild Country,Superlight Rock 4,gold,16.00,6.00,,Wild Country Superlight Rock 4,10.00,11.30,1.30
Current,Wild Country,Superlight Rock 5,blue,21.00,6.00,,Wild Country Superlight Rock 5,11.50,13.30,1.80
Current,Wild Country,Superlight Rock 6,red,22.00,6.00,,Wild Country Superlight Rock 6,13.00,15.60,2.60
Current,Wild Country,SL Offset Rock 5,blue,20.80,7.00,,Wild Country SL Offset Rock 5,6.00,12.50,6.50
Current,Wild Country,SL Offset Rock 6,red,23.90,7.00,,Wild Country SL Offset Rock 6,7.00,14.50,7.50
Current,Wild Country,SL Offset Rock 7,silver,23.90,7.00,,Wild Country SL Offset Rock 7,7.00,16.00,9.00
Current,Wild Country,SL Offset Rock 8,turquoise,27.00,7.00,,Wild Country SL Offset Rock 8,8.00,18.00,10.00
Current,Wild Country,SL Offset Rock 9,yellow,30.90,7.00,,Wild Country SL Offset Rock 9,9.50,20.50,11.00
Current,Wild Country,SL Offset Rock 10,silver,36.40,9.00,,Wild Country SL Offset Rock 10,10.00,23.00,13.00
Current,Wild Country,Anodized Rock 1,purple,16.00,"42,554.00",,Wild Country Anodized Rock 1,7.00,13.00,6.00
Current,Wild Country,Anodized Rock 2,green,25.00,"42,616.00",,Wild Country Anodized Rock 2,8.20,13.80,5.60
Current,Wild Country,Anodized Rock 3,silver,28.00,"42,646.00",,Wild Country Anodized Rock 3,9.60,14.50,4.90
Current,Wild Country,Anodized Rock 4,gold,30.00,"42,651.00",,Wild Country Anodized Rock 4,11.30,15.30,4.00
Current,Wild Country,Anodized Rock 5,blue,32.00,10.00,,Wild Country Anodized Rock 5,13.30,16.80,3.50
Current,Wild Country,Anodized Rock 6,red,36.00,10.00,,Wild Country Anodized Rock 6,15.60,19.00,3.40
Current,Wild Country,Anodized Rock 7,silver,38.00,10.00,,Wild Country Anodized Rock 7,18.40,21.20,2.80
Current,Wild Country,Anodized Rock 8,turquoise,41.00,10.00,,Wild Country Anodized Rock 8,21.60,24.00,2.40
Current,Wild Country,Anodized Rock 9,yellow,49.00,10.00,,Wild Country Anodized Rock 9,24.40,27.70,3.30
Current,Wild Country,Anodized Rock 10,silver,60.00,10.00,,Wild Country Anodized Rock 10,30.00,31.00,1.00
Current,Wild Country,Anodized Rock 11,green,70.00,10.00,,Wild Country Anodized Rock 11,34.00,35.00,1.00
Current,Wild Country,Anodized Rock 12,red,81.00,10.00,,Wild Country Anodized Rock 12,38.00,38.00,0.00
Current,Wild Country,Anodized Rock 13,gold,94.00,10.00,,Wild Country Anodized Rock 13,41.00,44.00,3.00
Current,Wild Country,Anodized Rock 14,blue,109.00,10.00,,Wild Country Anodized Rock 14,47.00,50.00,3.00
Current,Wild Country,Rockcentric 3,gold,33.00,14.00,,Wild Country Rockcentric 3,24.00,31.00,7.00
Current,Wild Country,Rockcentric 4,silver,41.00,14.00,,Wild Country Rockcentric 4,28.00,36.00,8.00
Current,Wild Country,Rockcentric 5,green,53.00,14.00,,Wild Country Rockcentric 5,33.00,41.50,8.50
Current,Wild Country,Rockcentric 6,red,67.00,14.00,,Wild Country Rockcentric 6,38.50,48.00,9.50
Current,Wild Country,Rockcentric 7,gold,88.00,14.00,,Wild Country Rockcentric 7,45.00,55.50,10.50
Current,Wild Country,Rockcentric 8,blue,115.00,14.00,,Wild Country Rockcentric 8,52.50,64.40,11.90
Current,Wild Country,Rockcentric 9,purple,149.00,14.00,,Wild Country Rockcentric 9,61.00,73.50,12.50
Current,Wild Country,Classic Rock 1,Purple,16.00,6.00,,Wild Country Classic Rock 1,7.00,13.00,6.00
Current,Wild Country,Classic Rock 2,green,25.00,10.00,,Wild Country Classic Rock 2,8.20,13.80,5.60
Current,Wild Country,Classic Rock 3,silver,28.00,10.00,,Wild Country Classic Rock 3,9.60,14.50,4.90
Current,Wild Country,Classic Rock 4,gold,30.00,10.00,,Wild Country Classic Rock 4,11.30,15.30,4.00
Current,Wild Country,Classic Rock 5,blue,32.00,10.00,,Wild Country Classic Rock 5,13.30,16.80,3.50
Current,Wild Country,Classic Rock 6,red,36.00,10.00,,Wild Country Classic Rock 6,15.60,19.00,3.40
Current,Wild Country,Classic Rock 7,silver,38.00,10.00,,Wild Country Classic Rock 7,18.40,21.20,2.80
Current,Wild Country,Classic Rock 8,turquoise,47.00,12.00,,Wild Country Classic Rock 8,21.60,24.00,2.40
Current,Wild Country,Classic Rock 9,gold,60.00,12.00,,Wild Country Classic Rock 9,24.40,27.70,3.30
Current,Wild Country,Classic Rock 10,silver,71.00,12.00,,Wild Country Classic Rock 10,30.00,31.00,1.00
Old,Wild Country,Classic Rock 11,green,70.00,10.00,,Wild Country Classic Rock 11,34.00,35.00,1.00
Old,Wild Country,Classic Rock 12,red,81.00,10.00,,Wild Country Classic Rock 12,38.00,38.00,0.00
Old,Wild Country,Classic Rock 13,gold,94.00,10.00,,Wild Country Classic Rock 13,41.00,44.00,3.00
Old,Wild Country,Classic Rock 14,blue,109.00,10.00,,Wild Country Classic Rock 14,45.00,50.00,5.00
Old,Wild Country,Mini Rock 0,Gold,6.00,2.00,,Wild Country Mini Rock 0,4.40,9.60,5.20
Old,Wild Country,Mini Rock .25,blue,6.00,2.00,,Wild Country Mini Rock .25,4.90,10.60,5.70
Old,Wild Country,Mini Rock .5,red,10.00,"42,462.00",,Wild Country Mini Rock .5,5.60,11.60,6.00
Old,Wild Country,Mini Rock .75,silver,10.00,"42,462.00",,Wild Country Mini Rock .75,6.90,12.10,5.20
,,,,,,, ,,,
,,,,,,, ,,,
,,,,,,, ,,,
,,,,,,, ,,,
,,,,,,, ,,,
,,,,,,, ,,,
,,,,,,, ,,,
,,,,,,, ,,,
,,,,,,, ,,,
,,,,,,, ,,,
,,,,,,, ,,,
,,,,,,, ,,,
,,,,,,, ,,,
,,,,,,, ,,,
,,,,,,, ,,,
,,,,,,, ,,,
,,,,,,, ,,,
,,,,,,, ,,,
,,,,,,, ,,,
,,,,,,, ,,,
,,,,,,, ,,,
,,,,,,, ,,,
,,,,,,, ,,,
,,,,,,, ,,,
,,,,,,, ,,,
,,,,,,, ,,,
,,,,,,, ,,,
,,,,,,, ,,,
,,,,,,, ,,,
,,,,,,, ,,,
,,,,,,, ,,,
,,,,,,, ,,,
,,,,,,, ,,,
,,,,,,, ,,,
,,,,,,, ,,,
,,,,,,, ,,,
,,,,,,, ,,,
,,,,,,, ,,,
,,,,,,, ,,,
,,,,,,, ,,,
,,,,,,, ,,,
,,,,,,, ,,,
,,,,,,, ,,,
,,,,,,, ,,,
,,,,,,, ,,,
,,,,,,, ,,,
,,,,,,, ,,,
,,,,,,, ,,,
,,,,,,, ,,,
,,,,,,, ,,,
,,,,,,, ,,,
,,,,,,, ,,,
,,,,,,, ,,,
,,,,,,, ,,,
,,,,,,, ,,,
,,,,,,, ,,,
,,,,,,, ,,,
,,,,,,, ,,,
,,,,,,, ,,,
,,,,,,, ,,,
,,,,,,, ,,,
,,,,,,, ,,,
,,,,,,, ,,,
,,,,,,, ,,,
,,,,,,, ,,,
,,,,,,, ,,,
,,,,,,, ,,,
,,,,,,, ,,,
,,,,,,, ,,,
,,,,,,, ,,,
,,,,,,, ,,,
,,,,,,, ,,,
,,,,,,, ,,,
,,,,,,, ,,,
,,,,,,, ,,,
,,,,,,, ,,,
,,,,,,, ,,,
,,,,,,, ,,,
,,,,,,, ,,,
,,,,,,, ,,,
,,,,,,, ,,,
,,,,,,, ,,,
,,,,,,, ,,,
,,,,,,, ,,,
,,,,,,, ,,,
,,,,,,, ,,,
,,,,,,, ,,,
,,,,,,, ,,,
,,,,,,, ,,,
,,,,,,, ,,,
,,,,,,, ,,,
,,,,,,, ,,,
,,,,,,, ,,,
,,,,,,, ,,,
,,,,,,, ,,,
,,,,,,, ,,,
,,,,,,, ,,,
,,,,,,, ,,,
,,,,,,, ,,,
,,,,,,, ,,,
,,,,,,, ,,,
,,,,,,, ,,,
,,,,,,, ,,,
,,,,,,, ,,,
,,,,,,, ,,,
,,,,,,, ,,,
,,,,,,, ,,,
,,,,,,, ,,,
,,,,,,, ,,,
,,,,,,, ,,,
,,,,,,, ,,,
,,,,,,, ,,,
,,,,,,, ,,,
,,,,,,, ,,,
,,,,,,, ,,,
,,,,,,, ,,,
,,,,,,, ,,,
,,,,,,, ,,,
,,,,,,, ,,,
,,,,,,, ,,,
,,,,,,, ,,,
,,,,,,, ,,,
,,,,,,, ,,,
,,,,,,, ,,,
,,,,,,, ,,,
,,,,,,, ,,,
,,,,,,, ,,,
,,,,,,, ,,,
,,,,,,, ,,,
,,,,,,, ,,,
,,,,,,, ,,,
,,,,,,, ,,,
,,,,,,, ,,,
,,,,,,, ,,,
,,,,,,, ,,,
,,,,,,, ,,,
,,,,,,, ,,,
,,,,,,, ,,,
,,,,,,, ,,,
,,,,,,, ,,,
,,,,,,, ,,,
,,,,,,, ,,,
,,,,,,, ,,,
,,,,,,, ,,,
,,,,,,, ,,,
,,,,,,, ,,,
,,,,,,, ,,,
,,,,,,, ,,,
,,,,,,, ,,,
,,,,,,, ,,,
,,,,,,, ,,,
,,,,,,, ,,,
,,,,,,, ,,,
,,,,,,, ,,,
,,,,,,, ,,,
,,,,,,, ,,,
,,,,,,, ,,,
,,,,,,, ,,,
,,,,,,, ,,,
,,,,,,, ,,,
,,,,,,, ,,,
,,,,,,, ,,,
,,,,,,, ,,,
,,,,,,, ,,,
,,,,,,, ,,,
,,,,,,, ,,,
,,,,,,, ,,,
,,,,,,, ,,,
,,,,,,, ,,,
,,,,,,, ,,,
,,,,,,, ,,,
,,,,,,, ,,,
,,,,,,, ,,,
,,,,,,, ,,,
,,,,,,, ,,,
,,,,,,, ,,,
,,,,,,, ,,,
,,,,,,, ,,,
,,,,,,, ,,,
,,,,,,, ,,,
,,,,,,, ,,,
,,,,,,, ,,,
,,,,,,, ,,,
,,,,,,, ,,,
,,,,,,, ,,,
,,,,,,, ,,,
,,,,,,, ,,,
,,,,,,, ,,,
,,,,,,, ,,,
,,,,,,, ,,,
,,,,,,, ,,,
,,,,,,, ,,,
,,,,,,, ,,,
,,,,,,, ,,,
,,,,,,, ,,,
,,,,,,, ,,,
,,,,,,, ,,,
,,,,,,, ,,,
,,,,,,, ,,,
,,,,,,, ,,,
,,,,,,, ,,,
,,,,,,, ,,,
,,,,,,, ,,,
,,,,,,, ,,,
,,,,,,, ,,,
,,,,,,, ,,,
,,,,,,, ,,,
,,,,,,, ,,,
,,,,,,, ,,,
,,,,,,, ,,,
,,,,,,, ,,,
,,,,,,, ,,,
,,,,,,, ,,,
,,,,,,, ,,,
,,,,,,, ,,,
,,,,,,, ,,,
,,,,,,, ,,,
,,,,,,, ,,,
,,,,,,, ,,,
,,,,,,, ,,,
,,,,,,, ,,,
,,,,,,, ,,,
,,,,,,, ,,,
,,,,,,, ,,,
,,,,,,, ,,,
,,,,,,, ,,,
,,,,,,, ,,,
,,,,,,, ,,,
,,,,,,, ,,,
,,,,,,, ,,,
,,,,,,, ,,,
,,,,,,, ,,,
,,,,,,, ,,,
,,,,,,, ,,,
,,,,,,, ,,,
,,,,,,, ,,,
,,,,,,, ,,,
,,,,,,, ,,,
,,,,,,, ,,,
,,,,,,, ,,,
,,,,,,, ,,,
,,,,,,, ,,,
,,,,,,, ,,,
,,,,,,, ,,,
,,,,,,, ,,,
,,,,,,, ,,,
,,,,,,, ,,,
,,,,,,, ,,,
,,,,,,, ,,,
,,,,,,, ,,,
,,,,,,, ,,,
,,,,,,, ,,,
,,,,,,, ,,,
,,,,,,, ,,,
,,,,,,, ,,,
,,,,,,, ,,,
,,,,,,, ,,,
,,,,,,, ,,,
,,,,,,, ,,,
,,,,,,, ,,,
,,,,,,, ,,,
,,,,,,, ,,,
,,,,,,, ,,,
,,,,,,, ,,,
,,,,,,, ,,,
,,,,,,, ,,,
,,,,,,, ,,,
,,,,,,, ,,,
,,,,,,, ,,,
,,,,,,, ,,,
,,,,,,, ,,,
,,,,,,, ,,,
,,,,,,, ,,,
,,,,,,, ,,,
,,,,,,, ,,,
,,,,,,, ,,,
,,,,,,, ,,,
,,,,,,, ,,,
,,,,,,, ,,,
,,,,,,, ,,,
,,,,,,, ,,,
,,,,,,, ,,,
,,,,,,, ,,,
,,,,,,, ,,,
,,,,,,, ,,,
,,,,,,, ,,,
,,,,,,, ,,,
,,,,,,, ,,,
,,,,,,, ,,,
,,,,,,, ,,,
,,,,,,, ,,,
,,,,,,, ,,,
,,,,,,, ,,,
,,,,,,, ,,,
,,,,,,, ,,,
,,,,,,, ,,,
,,,,,,, ,,,
,,,,,,, ,,,
,,,,,,, ,,,
,,,,,,, ,,,
,,,,,,, ,,,
,,,,,,, ,,,
,,,,,,, ,,,
,,,,,,, ,,,
,,,,,,, ,,,
,,,,,,, ,,,
,,,,,,, ,,,
,,,,,,, ,,,
,,,,,,, ,,,
,,,,,,, ,,,
,,,,,,, ,,,
,,,,,,, ,,,
,,,,,,, ,,,
,,,,,,, ,,,
,,,,,,, ,,,
,,,,,,, ,,,
,,,,,,, ,,,
,,,,,,, ,,,
,,,,,,, ,,,
,,,,,,, ,,,
,,,,,,, ,,,
,,,,,,, ,,,
,,,,,,, ,,,
,,,,,,, ,,,
,,,,,,, ,,,
,,,,,,, ,,,
,,,,,,, ,,,
,,,,,,, ,,,
,,,,,,, ,,,
,,,,,,, ,,,
,,,,,,, ,,,
,,,,,,, ,,,
,,,,,,, ,,,
,,,,,,, ,,,
,,,,,,, ,,,
,,,,,,, ,,,
,,,,,,, ,,,
,,,,,,, ,,,
,,,,,,, ,,,
,,,,,,, ,,,
,,,,,,, ,,,
,,,,,,, ,,,
,,,,,,, ,,,
,,,,,,, ,,,
,,,,,,, ,,,
,,,,,,, ,,,
,,,,,,, ,,,
,,,,,,, ,,,
,,,,,,, ,,,
,,,,,,, ,,,
,,,,,,, ,,,
,,,,,,, ,,,
,,,,,,, ,,,
,,,,,,, ,,,
,,,,,,, ,,,
,,,,,,, ,,,
,,,,,,, ,,,
,,,,,,, ,,,
,,,,,,, ,,,
,,,,,,, ,,,
,,,,,,, ,,,
,,,,,,, ,,,
,,,,,,, ,,,
,,,,,,, ,,,
,,,,,,, ,,,
,,,,,,, ,,,
,,,,,,, ,,,
,,,,,,, ,,,
,,,,,,, ,,,
,,,,,,, ,,,
,,,,,,, ,,,
,,,,,,, ,,,
,,,,,,, ,,,
,,,,,,, ,,,
,,,,,,, ,,,
,,,,,,, ,,,
,,,,,,, ,,,
,,,,,,, ,,,
,,,,,,, ,,,
,,,,,,, ,,,
,,,,,,, ,,,
,,,,,,, ,,,
,,,,,,, ,,,
,,,,,,, ,,,
,,,,,,, ,,,
,,,,,,, ,,,
,,,,,,, ,,,
,,,,,,, ,,,
,,,,,,, ,,,
,,,,,,, ,,,
,,,,,,, ,,,
,,,,,,, ,,,
,,,,,,, ,,,
,,,,,,, ,,,
,,,,,,, ,,,
,,,,,,, ,,,
,,,,,,, ,,,
,,,,,,, ,,,
,,,,,,, ,,,
,,,,,,, ,,,
,,,,,,, ,,,
,,,,,,, ,,,
,,,,,,, ,,,
,,,,,,, ,,,
,,,,,,, ,,,
,,,,,,, ,,,
,,,,,,, ,,,
,,,,,,, ,,,
,,,,,,, ,,,
,,,,,,, ,,,
,,,,,,, ,,,
,,,,,,, ,,,
,,,,,,, ,,,
,,,,,,, ,,,
,,,,,,, ,,,
,,,,,,, ,,,
,,,,,,, ,,,
,,,,,,, ,,,
,,,,,,, ,,,
,,,,,,, ,,,
,,,,,,, ,,,
,,,,,,, ,,,
,,,,,,, ,,,
,,,,,,, ,,,
,,,,,,, ,,,
,,,,,,, ,,,
,,,,,,, ,,,
,,,,,,, ,,,
,,,,,,, ,,,
,,,,,,, ,,,
,,,,,,, ,,,
,,,,,,, ,,,
,,,,,,, ,,,
,,,,,,, ,,,
,,,,,,, ,,,
,,,,,,, ,,,
,,,,,,, ,,,
,,,,,,, ,,,
,,,,,,, ,,,
,,,,,,, ,,,
,,,,,,, ,,,
,,,,,,, ,,,
,,,,,,, ,,,
,,,,,,, ,,,
,,,,,,, ,,,
,,,,,,, ,,,
,,,,,,, ,,,
,,,,,,, ,,,
,,,,,,, ,,,
,,,,,,, ,,,
,,,,,,, ,,,
,,,,,,, ,,,
,,,,,,, ,,,
,,,,,,, ,,,
,,,,,,, ,,,
,,,,,,, ,,,
,,,,,,, ,,,
,,,,,,, ,,,
,,,,,,, ,,,
,,,,,,, ,,,
,,,,,,, ,,,
,,,,,,, ,,,
,,,,,,, ,,,
,,,,,,, ,,,
,,,,,,, ,,,
,,,,,,, ,,,
,,,,,,, ,,,
,,,,,,, ,,,
,,,,,,, ,,,
,,,,,,, ,,,
,,,,,,, ,,,
,,,,,,, ,,,
,,,,,,, ,,,
,,,,,,, ,,,
,,,,,,, ,,,
,,,,,,, ,,,
,,,,,,, ,,,
,,,,,,, ,,,
,,,,,,, ,,,
,,,,,,, ,,,
,,,,,,, ,,,
,,,,,,, ,,,
,,,,,,, ,,,
,,,,,,, ,,,
,,,,,,, ,,,
,,,,,,, ,,,
,,,,,,, ,,,
,,,,,,, ,,,
,,,,,,, ,,,
,,,,,,, ,,,
,,,,,,, ,,,
,,,,,,, ,,,
,,,,,,, ,,,
,,,,,,, ,,,
,,,,,,, ,,,
,,,,,,, ,,,
,,,,,,, ,,,
,,,,,,, ,,,
,,,,,,, ,,,
,,,,,,, ,,,
,,,,,,, ,,,
,,,,,,, ,,,
,,,,,,, ,,,
,,,,,,, ,,,
,,,,,,, ,,,
,,,,,,, ,,,
,,,,,,, ,,,
,,,,,,, ,,,
,,,,,,, ,,,
,,,,,,, ,,,
,,,,,,, ,,,
,,,,,,, ,,,
,,,,,,, ,,,
,,,,,,, ,,,
,,,,,,, ,,,
,,,,,,, ,,,
,,,,,,, ,,,
,,,,,,, ,,,
,,,,,,, ,,,
,,,,,,, ,,,
,,,,,,, ,,,
,,,,,,, ,,,
,,,,,,, ,,,
,,,,,,, ,,,
,,,,,,, ,,,
,,,,,,, ,,,
,,,,,,, ,,,
,,,,,,, ,,,
,,,,,,, ,,,
,,,,,,, ,,,
,,,,,,, ,,,
,,,,,,, ,,,
,,,,,,, ,,,
,,,,,,, ,,,
,,,,,,, ,,,
,,,,,,, ,,,
,,,,,,, ,,,
,,,,,,, ,,,
,,,,,,, ,,,
,,,,,,, ,,,
,,,,,,, ,,,
,,,,,,, ,,,
,,,,,,, ,,,
,,,,,,, ,,,
,,,,,,, ,,,
,,,,,,, ,,,
,,,,,,, ,,,
,,,,,,, ,,,
,,,,,,, ,,,
,,,,,,, ,,,
,,,,,,, ,,,
,,,,,,, ,,,
,,,,,,, ,,,
,,,,,,, ,,,
,,,,,,, ,,,
,,,,,,, ,,,
,,,,,,, ,,,
,,,,,,, ,,,
,,,,,,, ,,,
,,,,,,, ,,,
,,,,,,, ,,,
,,,,,,, ,,,
,,,,,,, ,,,
,,,,,,, ,,,
,,,,,,, ,,,
,,,,,,, ,,,
,,,,,,, ,,,
,,,,,,, ,,,
,,,,,,, ,,,
,,,,,,, ,,,
,,,,,,, ,,,
,,,,,,, ,,,
,,,,,,, ,,,
,,,,,,, ,,,
,,,,,,, ,,,
,,,,,,, ,,,
,,,,,,, ,,,
,,,,,,, ,,,
,,,,,,, ,,,
,,,,,,, ,,,
,,,,,,, ,,,
,,,,,,, ,,,
,,,,,,, ,,,
,,,,,,, ,,,
,,,,,,, ,,,
,,,,,,, ,,,
,,,,,,, ,,,
,,,,,,, ,,,
,,,,,,, ,,,
,,,,,,, ,,,
,,,,,,, ,,,
,,,,,,, ,,,
,,,,,,, ,,,
,,,,,,, ,,,
,,,,,,, ,,,
,,,,,,, ,,,
,,,,,,, ,,,
,,,,,,, ,,,
,,,,,,, ,,,
,,,,,,, ,,,
,,,,,,, ,,,
,,,,,,, ,,,
,,,,,,, ,,,
,,,,,,, ,,,
,,,,,,, ,,,
,,,,,,, ,,,
,,,,,,, ,,,
,,,,,,, ,,,
,,,,,,, ,,,
,,,,,,, ,,,
,,,,,,, ,,,
,,,,,,, ,,,
,,,,,,, ,,,
,,,,,,, ,,,
,,,,,,, ,,,
,,,,,,, ,,,
,,,,,,, ,,,
,,,,,,, ,,,
,,,,,,, ,,,
,,,,,,, ,,,
,,,,,,, ,,,
,,,,,,, ,,,
,,,,,,, ,,,
,,,,,,, ,,,
,,,,,,, ,,,
,,,,,,, ,,,
,,,,,,, ,,,
,,,,,,, ,,,
,,,,,,, ,,,
,,,,,,, ,,,
,,,,,,, ,,,
,,,,,,, ,,,
,,,,,,, ,,,
,,,,,,, ,,,
,,,,,,, ,,,
,,,,,,, ,,,
,,,,,,, ,,,
,,,,,,, ,,,
,,,,,,, ,,,
,,,,,,, ,,,
,,,,,,, ,,,
,,,,,,, ,,,
,,,,,,, ,,,
,,,,,,, ,,,
,,,,,,, ,,,
,,,,,,, ,,,
,,,,,,, ,,,
,,,,,,, ,,,
,,,,,,, ,,,
,,,,,,, ,,,
,,,,,,, ,,,
,,,,,,, ,,,
,,,,,,, ,,,
,,,,,,, ,,,
,,,,,,, ,,,
,,,,,,, ,,,
,,,,,,, ,,,
,,,,,,, ,,,